marker,run,duration_s,n_hold,hold_mean_deg,hold_median_deg,hold_sd_deg,n_step,step_mean_deg,step_median_deg,step_sd_deg,representative,file
quARtet-D,1,118.79,40,0.0882,0.0686,0.0624,39,0.0539,0.0433,0.0476,0,260910_quartet_diagonal_live_tracking_log_run1.csv
quARtet-D,2,118.67,40,0.0786,0.0668,0.0699,39,0.0497,0.0411,0.0532,1,260910_quartet_diagonal_live_tracking_log_run2.csv
quARtet-D,3,117.27,41,0.0794,0.0653,0.0536,40,0.0638,0.0540,0.0472,0,260910_quartet_diagonal_live_tracking_log_run3.csv
quARtet-D,4,119.85,41,0.0624,0.0489,0.0623,40,0.0418,0.0344,0.0555,0,260910_quartet_diagonal_live_tracking_log_run4.csv
quARtet-D,5,119.55,42,0.0717,0.0593,0.0612,41,0.0540,0.0442,0.0474,0,260910_quartet_diagonal_live_tracking_log_run5.csv
quARtet-P,1,118.56,41,0.1176,0.1075,0.0707,40,0.0972,0.0822,0.0513,0,260910_quartet_pitch_live_tracking_log_run1.csv
quARtet-P,2,117.39,41,0.0743,0.0617,0.0577,40,0.0581,0.0522,0.0446,0,260910_quartet_pitch_live_tracking_log_run2.csv
quARtet-P,3,117.68,41,0.0889,0.0654,0.0570,40,0.0733,0.0704,0.0429,1,260910_quartet_pitch_live_tracking_log_run3.csv
quARtet-P,4,119.79,42,0.0721,0.0459,0.0628,41,0.0413,0.0347,0.0343,0,260910_quartet_pitch_live_tracking_log_run4.csv
quARtet-P,5,118.39,41,0.0889,0.0648,0.0617,40,0.0735,0.0704,0.0376,0,260910_quartet_pitch_live_tracking_log_run5.csv
quARtet-rP,1,117.84,41,0.1153,0.0849,0.1883,40,0.0898,0.0552,0.1617,0,260910_quartet_pitch_r_live_tracking_log_run1.csv
quARtet-rP,2,118.54,41,0.1107,0.0788,0.1716,40,0.1099,0.0768,0.1735,0,260910_quartet_pitch_r_live_tracking_log_run2.csv
quARtet-rP,3,118.18,41,0.1007,0.0642,0.1625,40,0.0961,0.0665,0.1828,0,260910_quartet_pitch_r_live_tracking_log_run3.csv
quARtet-rP,4,118.74,41,0.1108,0.0832,0.1718,40,0.1151,0.0764,0.1758,1,260910_quartet_pitch_r_live_tracking_log_run4.csv
quARtet-rP,5,118.70,41,0.1322,0.1084,0.2095,40,0.1080,0.0812,0.1816,0,260910_quartet_pitch_r_live_tracking_log_run5.csv
Single,1,119.06,40,0.6921,0.4684,0.4663,39,0.2876,0.2436,0.2532,1,260910_single_live_tracking_log_run1.csv
Single,2,119.68,40,0.7619,0.6398,0.5236,39,0.2970,0.2750,0.2150,0,260910_single_live_tracking_log_run2.csv
Single,3,119.54,40,0.6099,0.5190,0.4222,39,0.2901,0.2441,0.1996,0,260910_single_live_tracking_log_run3.csv
Single,4,118.21,40,0.6507,0.4485,0.4768,39,0.2132,0.1820,0.1327,0,260910_single_live_tracking_log_run4.csv
Single,5,118.62,39,0.6969,0.5970,0.5000,38,0.4813,0.3743,0.3725,0,260910_single_live_tracking_log_run5.csv
