elapsed_s,pos_err_mm,ori_err_deg,ee_x,ee_y,ee_z,ee_rx,ee_ry,ee_rz,m_tx,m_ty,m_tz,m_rx,m_ry,m_rz
0.000000000000000000e+00,4.966879550459906145e-01,2.195087449546394842e-01,-1.262799301237802485e-01,-5.639726412831979063e-01,1.666459126943613533e-01,-1.831293120609046084e-03,-3.134684332255429862e+00,8.062043738107814092e-03,-1.788348106666892701e-03,1.316281007522011534e-03,1.991093597624385980e-01,3.127591053808906008e+00,-8.762025596024710164e-03,2.041438889280369415e-02
4.318445205688476562e+00,1.595460653020834840e-01,1.610032485187825879e-01,-1.274950538880738615e-01,-5.636841711046337577e-01,1.669724007412452527e-01,1.233313307813266833e-03,-3.138035659147190959e+00,1.007889373978124517e-02,-2.065665439773936834e-03,1.275151583629871620e-03,1.993174744935526099e-01,3.128874867535332616e+00,-5.083570111365590290e-03,1.417357079934972175e-02
7.318576812744140625e+00,1.084102712776303518e-01,1.426311317720576899e-01,-1.270903488828629968e-01,-5.631115263421913042e-01,1.669734224421108304e-01,9.479366246465187806e-04,-3.136137711622402957e+00,1.399519970199866910e-02,-2.191511453609263586e-03,1.255293379339712627e-03,1.992420969496412619e-01,3.128733625814250630e+00,-5.299805115806964159e-03,1.536788910946228735e-02
1.021952390670776367e+01,5.012043840388759330e-02,7.061152559123468064e-02,-1.271121671936698283e-01,-5.632682064523675258e-01,1.669649380112274706e-01,7.345399084244105467e-04,-3.136416995714290223e+00,1.305957468320097584e-02,-2.229414941373386236e-03,1.263139563934849701e-03,1.993867522018808736e-01,3.127494743842476499e+00,-5.560283517372247540e-03,1.571919475250135520e-02
1.299914479255676270e+01,5.339451543705867748e-02,2.407611260800717259e-02,-1.270512732941298795e-01,-5.632409151340436182e-01,1.669435588176262641e-01,8.953233213396937385e-04,-3.136178843944581907e+00,1.315606109735137884e-02,-2.212605265812047587e-03,1.282639894047271243e-03,1.993726294975590729e-01,3.126126821231186792e+00,-5.715603911238467151e-03,1.632002850062143698e-02
1.580946516990661621e+01,6.040703760206349304e-02,1.527644242103990205e-02,-1.270496244919385176e-01,-5.632217174686953154e-01,1.668983761596763427e-01,1.266645513263043015e-03,-3.136169106029103926e+00,1.282229614100061608e-02,-2.189888595422569834e-03,1.279091739757080241e-03,1.993784671103106254e-01,3.126522176494926253e+00,-5.685172930952640986e-03,1.581103668999126605e-02
1.857379078865051270e+01,1.221706765344840601e-01,5.270045669573138886e-02,-1.271819080251526957e-01,-5.634253737070115120e-01,1.669049881723643214e-01,1.164578842610254237e-03,-3.136690859072822413e+00,1.133067011498343699e-02,-2.202015363524508548e-03,1.324264732508455712e-03,1.994295029683849363e-01,3.126175921983593842e+00,-5.845958862080002059e-03,1.712588148897292023e-02
2.140768647193908691e+01,1.416391768457690714e-01,3.117855245856638313e-01,-1.273839792215820110e-01,-5.638224463529036834e-01,1.668627961834043272e-01,9.317833797427719968e-04,-3.137444262563446884e+00,8.413344947313182443e-03,-2.218645955654765384e-03,1.258366357894145221e-03,1.992056025858648383e-01,3.131541005721715898e+00,-5.936997495371621608e-03,1.358048091773332230e-02
2.427530241012573242e+01,1.204095168048034681e-01,1.674760855361814571e-01,-1.270242745768312143e-01,-5.635386557686199449e-01,1.669151423070311668e-01,1.211697725150972333e-03,-3.135896966871710045e+00,1.058263294452164299e-02,-2.285409877672063463e-03,1.277196265963804339e-03,1.992543429120055276e-01,3.126623690467528416e+00,-5.843945117619317627e-03,2.023029351240547558e-02
2.719917583465576172e+01,1.317419946110407192e-01,1.106234637895787132e-01,-1.273763892053929037e-01,-5.637079078438861357e-01,1.669421539522771281e-01,7.922667671362979740e-04,-3.137463337041358269e+00,9.920929835277193104e-03,-2.165833910775968353e-03,1.357009101978389008e-03,1.993601405480433797e-01,3.127721951747553408e+00,-6.637885138089609678e-03,1.393118254478821309e-02
3.007268643379211426e+01,9.022086395273841430e-02,1.608633928659000956e-01,-1.271139175697588719e-01,-5.631728944477565335e-01,1.669423332517997183e-01,9.531957828831872032e-04,-3.136273506082390305e+00,1.324002652635209581e-02,-2.233215196013559316e-03,1.273276734675004695e-03,1.994267520016828055e-01,3.129073673399006328e+00,-5.704701576292691041e-03,1.558309017371012350e-02
3.294970035552978516e+01,6.297516642353707950e-02,1.675617702478566229e-01,-1.270921395300857459e-01,-5.629666013043022055e-01,1.669488919727331599e-01,9.790552950636750417e-04,-3.136155542100268701e+00,1.460805518971848224e-02,-2.232860861886334144e-03,1.206947047387450182e-03,1.993989628029457506e-01,3.123401174375009859e+00,-5.707138405344177115e-03,1.663422527601077228e-02
3.577503204345703125e+01,1.763953214807352510e-01,1.074619677267857065e-01,-1.273073154488580661e-01,-5.636564263800677432e-01,1.669743521800243768e-01,9.421079518265200242e-04,-3.137213935896990158e+00,1.025636112055304007e-02,-2.073732708930196237e-03,1.211947360559367196e-03,1.992471967534832911e-01,3.128101704319310450e+00,-5.333045388924362133e-03,1.615475730550933534e-02
3.869596838951110840e+01,8.234100078000454459e-02,1.777453507266617272e-01,-1.271584812569825917e-01,-5.634481973514408049e-01,1.669873858559129398e-01,1.036364524873718395e-03,-3.136362099826832672e+00,1.177284487308115878e-02,-2.299571619777247139e-03,1.246857715477845676e-03,1.993406688348061395e-01,3.129314090989240960e+00,-5.977335641696282335e-03,1.480795842646398346e-02
4.160663247108459473e+01,6.879014507908183529e-02,4.093264302336649396e-02,-1.273854216661906846e-01,-5.633657262418056977e-01,1.668964166615211075e-01,5.857518615506441097e-04,-3.137538679073241799e+00,1.208024093517131095e-02,-2.218267743696688329e-03,1.287258588330353294e-03,1.993924714364734563e-01,3.126945138581108452e+00,-5.385211400248899986e-03,1.579105361302399549e-02
4.438284206390380859e+01,4.263938003164372686e-02,1.787210300908358418e-01,-1.271014764947553943e-01,-5.632869275773199069e-01,1.669859196154876713e-01,1.129465351201756548e-03,-3.136362238140119718e+00,1.287250043414795223e-02,-2.216282107284405726e-03,1.279384720862549937e-03,1.993423389976667626e-01,3.128585007874970181e+00,-5.594566431801174279e-03,1.242340094300357217e-02
4.723573517799377441e+01,6.048753025878957773e-02,7.783990617297792403e-02,-1.268334432789794686e-01,-5.630435954744354987e-01,1.669567336344650044e-01,9.047222120760452582e-04,-3.135208359354227703e+00,1.452876586476103266e-02,-2.207906195888956462e-03,1.252145718978946555e-03,1.994032667029745354e-01,3.127587103141852065e+00,-6.149171766073645642e-03,1.594650535162308452e-02
5.005816245079040527e+01,2.554382886430034416e-01,2.661471280420643071e-01,-1.272009582361251778e-01,-5.636614359092698701e-01,1.669415689589290874e-01,5.091322982436032388e-04,-3.136813371837901876e+00,1.016635381082313903e-02,-2.107397108669581149e-03,1.258038629932923050e-03,1.991163173703220379e-01,3.130618621907287125e+00,-5.671502063741560781e-03,1.820637908197839799e-02
5.301040577888488770e+01,3.995689070434316897e-02,9.271151170184942225e-02,-1.272885189076178869e-01,-5.634323338894503541e-01,1.669193216732303697e-01,9.601053527852235030e-04,-3.137064429894084849e+00,1.135837855436342900e-02,-2.189986363307489664e-03,1.248379932595372653e-03,1.993717012985467829e-01,3.127407611766789497e+00,-6.717488241219965635e-03,1.420048770415121425e-02
5.578885817527770996e+01,1.212192284341451903e-02,9.085860291173153414e-02,-1.271572718960186366e-01,-5.633259913495469728e-01,1.668893942663519092e-01,1.307103716065008067e-03,-3.136475006013173417e+00,1.201446142955600246e-02,-2.220685015828720299e-03,1.248161191120285632e-03,1.993420084786457491e-01,3.127686462383136412e+00,-6.290197609583496503e-03,1.474396336499084366e-02
5.861604046821594238e+01,2.142244387664930111e-02,9.865245335692329753e-02,-1.271014503286085062e-01,-5.635899573557253683e-01,1.669019812639568612e-01,1.016469967049225950e-03,-3.136112334484386199e+00,1.021882859319582677e-02,-2.213156349951624947e-03,1.231749313795992527e-03,1.993253799926756609e-01,3.127658306833130286e+00,-5.744891580940111354e-03,1.727424717161267498e-02
6.146892690658569336e+01,1.497205965875764988e-01,8.928364690807508164e-02,-1.271816049099074586e-01,-5.634463999328850337e-01,1.669904564667175073e-01,9.626856339281402494e-04,-3.136444464822693678e+00,1.159398753042723343e-02,-2.214113852921804557e-03,1.154682209012735479e-03,1.992205417781816035e-01,3.125324611780919692e+00,-5.156597957659954552e-03,1.756156999957930037e-02
6.430469608306884766e+01,6.954053120647725461e-02,1.205151419765836257e-01,-1.275129323613701793e-01,-5.639590038971653563e-01,1.670185236163259646e-01,9.652783100759578265e-04,-3.138099779567848913e+00,8.544455479323460542e-03,-2.194148800383002862e-03,1.259898033956135177e-03,1.992844566382870886e-01,3.128326965846062180e+00,-5.380994016103232518e-03,1.625523609373504333e-02
6.716794514656066895e+01,2.315057991283944183e-01,8.013082287941120097e-02,-1.274008157737942237e-01,-5.632593661890299419e-01,1.668715687510679002e-01,8.159166981222344727e-04,-3.137487958007190603e+00,1.283136797412190097e-02,-2.240856137794904664e-03,1.437242222929644613e-03,1.994593441076743523e-01,3.127010826730453719e+00,-5.748280025346300288e-03,1.384351858562488276e-02
7.010089206695556641e+01,3.572109114842806493e-02,5.361006818106244659e-02,-1.272679036301934408e-01,-5.629695976335433727e-01,1.668982601832388613e-01,9.817469277499416783e-04,-3.136714544980454544e+00,1.452875959531451169e-02,-2.209122885235515095e-03,1.271205825192482999e-03,1.993410315596206295e-01,3.126543870917825263e+00,-5.824622547033645598e-03,1.430442920534935256e-02
7.296363544464111328e+01,2.102482291433816486e-01,1.189871351471998989e-01,-1.274660472739972961e-01,-5.632020583991405038e-01,1.669013476241858751e-01,8.968946071146182038e-04,-3.137605644774416280e+00,1.273313283447944852e-02,-2.182824935214089206e-03,1.391948266826414753e-03,1.994831898975862050e-01,3.127957750919688973e+00,-5.993834389890703024e-03,1.382338614507980408e-02
7.577080416679382324e+01,1.571126122247411550e-01,5.869356433750230750e-02,-1.272817298940031594e-01,-5.638673786074330785e-01,1.669384185770417250e-01,1.068998115179305803e-03,-3.136907474763060311e+00,8.629471335532337695e-03,-2.266346978798321719e-03,1.292809054182943304e-03,1.994842411651982228e-01,3.127267916333937414e+00,-5.547480468324056217e-03,1.540122373809253362e-02
7.865539836883544922e+01,1.010308795297301526e-01,2.184292151193892861e-01,-1.274651642905341442e-01,-5.635829927910184223e-01,1.669346962666232725e-01,1.076662293641643267e-03,-3.137775824524462909e+00,1.083476390058063510e-02,-2.184122266771977485e-03,1.316823987066777441e-03,1.993973111717353697e-01,3.130010810484362693e+00,-5.471603866060310503e-03,1.457643020664887469e-02
8.148566794395446777e+01,9.323918833377739523e-02,1.368922336667021400e-01,-1.271911471463323950e-01,-5.630106715336798962e-01,1.669131906986823233e-01,1.416200326372973406e-03,-3.136550492014387626e+00,1.444221919464146707e-02,-2.303531903722176675e-03,1.273330613370927868e-03,1.993525455416170489e-01,3.128602369630738789e+00,-5.861148060042621101e-03,1.645602010255270767e-02
8.437963056564331055e+01,5.082789759475396518e-02,1.605306232052503349e-02,-1.272135032780886688e-01,-5.630220446407864232e-01,1.668895326187275208e-01,6.085887574853122896e-04,-3.136687611976176182e+00,1.418897236572265984e-02,-2.221086359126951855e-03,1.248968932715080124e-03,1.992963269818964489e-01,3.126346267407755342e+00,-5.642463329324772653e-03,1.611118436351446567e-02
8.719278359413146973e+01,1.344681386220567543e-01,1.325550804645472258e-01,-1.270598295373460973e-01,-5.634763629999118839e-01,1.669237126443408603e-01,1.109027525728824466e-03,-3.136001579477956547e+00,1.103111142582707989e-02,-2.240402378749356375e-03,1.354391495896231775e-03,1.992841562826366542e-01,3.128162908645775175e+00,-5.960031343452204360e-03,1.774348768802532644e-02
9.006850171089172363e+01,8.653496143747023417e-02,1.555435405757015777e-01,-1.273231427057607834e-01,-5.636008425248100195e-01,1.669347711978123594e-01,9.343622982402055317e-04,-3.137062968154354703e+00,1.030134039262606618e-02,-2.223264934449087956e-03,1.314620179117093838e-03,1.993079125620003111e-01,3.128934231110199526e+00,-5.261693449748026594e-03,1.632434729623431779e-02
9.293671727180480957e+01,1.944866393599383944e-02,8.784130860510763750e-02,-1.270838794514002335e-01,-5.637473107662801519e-01,1.669774202731762469e-01,1.068845947408690687e-03,-3.135930014569121571e+00,9.688872422255214584e-03,-2.209764174574965941e-03,1.231338897338134144e-03,1.993288800965890839e-01,3.126580272304818386e+00,-5.488678127991985373e-03,1.803151966766025280e-02
9.577398896217346191e+01,1.037558348403508357e-01,1.281165966577632043e-01,-1.273641713135252596e-01,-5.633939229790345671e-01,1.669899634852542447e-01,1.066422797143787207e-03,-3.137276174127014983e+00,1.196343784428112282e-02,-2.217230701976706086e-03,1.207067930456037991e-03,1.992462343722769258e-01,3.128477805349658691e+00,-5.248162770232989160e-03,1.590993940538715234e-02
9.861293029785156250e+01,5.403757368335034006e-02,1.396058671930187622e-01,-1.272422436559783321e-01,-5.631076837112042321e-01,1.669636476742072384e-01,1.100421534743553989e-03,-3.137063214150683788e+00,1.392703101205837631e-02,-2.249890441621157661e-03,1.273234051467781684e-03,1.993697332640489428e-01,3.128667876567251316e+00,-5.341310253717493350e-03,1.515521815814034959e-02
1.014603784084320068e+02,2.765327821758276072e-02,1.863918008415066385e-02,-1.269781211307705049e-01,-5.630557955314104968e-01,1.669352412122772911e-01,1.262304821297329524e-03,-3.135888611892984290e+00,1.415558200864702743e-02,-2.218307864407994927e-03,1.246282254880227850e-03,1.993195921017164030e-01,3.126257036695787139e+00,-5.513615174033480691e-03,1.523679013749581340e-02
1.043020081520080566e+02,1.265968316070084088e-01,3.002169626999921445e-02,-1.271550604818751928e-01,-5.633033374461750009e-01,1.669086773847676675e-01,5.912777862067610142e-04,-3.136525721842144954e+00,1.227952943238781215e-02,-2.188196969701221989e-03,1.281931363471557799e-03,1.994601129066509160e-01,3.126410420681433155e+00,-5.190223593918933016e-03,1.627868660373130855e-02
1.071647043228149414e+02,1.866226329168519174e-02,7.163265068428681381e-02,-1.272169272472688795e-01,-5.634214498182574804e-01,1.669154988628621383e-01,1.101595634509248012e-03,-3.136743626988275579e+00,1.161931973953164374e-02,-2.199882510490512935e-03,1.238787561856404809e-03,1.993414711154996577e-01,3.125162243135388263e+00,-6.217736904687684758e-03,1.493467624913074297e-02
1.099612565040588379e+02,1.730627110983823380e-01,2.644723829113949654e-01,-1.271125023018420674e-01,-5.638768814632937332e-01,1.669562223479463259e-01,1.261473971600385368e-03,-3.136370236454580240e+00,8.530452847146430262e-03,-2.235951320236545959e-03,1.405987106884598646e-03,1.993778380406208972e-01,3.130842641497414203e+00,-5.307716523857009504e-03,1.652471414075557671e-02
1.128024461269378662e+02,1.413326129180348112e-01,1.025416704938886675e-01,-1.272030675574320480e-01,-5.631809534038120235e-01,1.668897313594152609e-01,1.137067925863218410e-03,-3.136729139925998666e+00,1.289982670560317103e-02,-2.147198302378277267e-03,1.354826555209846795e-03,1.993130658685232648e-01,3.127996655662847569e+00,-5.402900159133752593e-03,1.504363615131578714e-02
1.156653845310211182e+02,4.125956523489814065e-02,6.232717917147653774e-02,-1.271957432522851372e-01,-5.637625086951925102e-01,1.668808640777030838e-01,1.311794536744375749e-03,-3.136607865453293176e+00,9.095793764059370914e-03,-2.199234987051245423e-03,1.272847653156797005e-03,1.993532822472738053e-01,3.127249702895150918e+00,-5.171631896670324247e-03,1.521427371588241102e-02
1.185638840198516846e+02,8.972606658779658240e-02,2.847941020533414358e-01,-1.273074612970238606e-01,-5.637081651116615522e-01,1.669324544690165835e-01,1.273137316146373977e-03,-3.137007412064626521e+00,9.777022443692979722e-03,-2.136202443307354606e-03,1.258635633049882399e-03,1.993157655015529439e-01,3.131183898808479693e+00,-5.121792160949693688e-03,1.663627122235094083e-02
