,name,dx,dy,t_x,t_y,t_z,r_x,r_y,r_z,dtx,dty,dtz,dist
0,captured_image_20250403_191318.jpg,-0.02,-0.04,-0.022885499,0.000709047,0.18158141,0.033332939,3.099029885,-0.001781229,-0.017935816,-0.001554862,-0.041242172,0.286730583
1,captured_image_20250403_191322.jpg,-0.02,-0.04,-0.022878507,0.000714424,0.181552468,0.033268795,3.099309204,-0.001608348,-0.017928824,-0.001549485,-0.041271114,0.288208338
2,captured_image_20250403_191325.jpg,-0.02,-0.04,-0.022881103,0.000708252,0.1815581,0.033099536,3.098649189,-0.001116391,-0.01793142,-0.001555657,-0.041265482,0.288106519
3,captured_image_20250403_191329.jpg,-0.02,-0.04,-0.022884106,0.000707455,0.18158184,0.033218755,3.098457713,-0.002099574,-0.017934423,-0.001556454,-0.041241742,0.286898599
4,captured_image_20250403_191332.jpg,-0.02,-0.04,-0.022878084,0.000711475,0.181560792,0.0332439,3.099664142,-0.001384707,-0.017928401,-0.001552434,-0.04126279,0.288031462
5,captured_image_20250403_191336.jpg,-0.02,-0.04,-0.022884111,0.000711101,0.181565557,0.033106819,3.098818753,-0.002366862,-0.017934428,-0.001552808,-0.041258025,0.287409591
6,captured_image_20250403_191339.jpg,-0.02,-0.04,-0.022884272,0.000709233,0.181568324,0.033004135,3.098752774,-0.000714999,-0.017934589,-0.001554676,-0.041255258,0.287378021
7,captured_image_20250403_191343.jpg,-0.02,-0.04,-0.022878768,0.000710184,0.181547306,0.033228282,3.098860086,-0.000683686,-0.017929085,-0.001553725,-0.041276276,0.288645643
8,captured_image_20250403_191346.jpg,-0.02,-0.04,-0.022880876,0.000706527,0.181570408,0.033052759,3.098614097,-0.00066685,-0.017931193,-0.001557382,-0.041253174,0.287677705
9,captured_image_20250403_191350.jpg,-0.02,-0.04,-0.022876271,0.000705487,0.181565455,0.033317989,3.099084853,-0.001301843,-0.017926588,-0.001558422,-0.041258127,0.288281113
10,captured_image_20250403_191354.jpg,-0.02,-0.02,-0.023893022,0.001512881,0.201456277,0.032951756,3.107683726,-0.001088041,-0.018943339,-0.000751028,-0.021367305,0.18841705
11,captured_image_20250403_191358.jpg,-0.02,-0.02,-0.023886799,0.001511998,0.201447386,0.032534341,3.107650344,0.001238609,-0.018937116,-0.000751911,-0.021376196,0.189446773
12,captured_image_20250403_191401.jpg,-0.02,-0.02,-0.023886242,0.001524241,0.201453725,0.032728934,3.108600793,-0.001603862,-0.018936559,-0.000739668,-0.021369857,0.188534445
13,captured_image_20250403_191405.jpg,-0.02,-0.02,-0.023893031,0.001521925,0.201445952,0.032872586,3.107987286,-0.000673861,-0.018943348,-0.000741984,-0.02137763,0.188809908
14,captured_image_20250403_191408.jpg,-0.02,-0.02,-0.023891622,0.001523768,0.201472436,0.032694028,3.10803751,-0.000447514,-0.018941939,-0.000740141,-0.021351146,0.186892945
15,captured_image_20250403_191412.jpg,-0.02,-0.02,-0.023891797,0.001525107,0.20146513,0.032783843,3.108389622,-0.001762159,-0.018942114,-0.000738802,-0.021358452,0.187359094
16,captured_image_20250403_191415.jpg,-0.02,-0.02,-0.023897372,0.001518873,0.201473493,0.032606059,3.107024985,-0.001166712,-0.018947689,-0.000745036,-0.021350089,0.186686298
17,captured_image_20250403_191419.jpg,-0.02,-0.02,-0.023897818,0.001517208,0.201470116,0.032793826,3.107268646,-0.00060001,-0.018948135,-0.000746701,-0.021353466,0.186971992
18,captured_image_20250403_191422.jpg,-0.02,-0.02,-0.023894786,0.001517329,0.201463409,0.032649607,3.107886881,7.79E-05,-0.018945103,-0.00074658,-0.021360173,0.187623558
19,captured_image_20250403_191426.jpg,-0.02,-0.02,-0.023894487,0.001516921,0.201439183,0.033022035,3.108229653,-0.000345823,-0.018944804,-0.000746988,-0.021384399,0.189419911
20,captured_image_20250403_191430.jpg,-0.02,0,-0.024992241,0.002336167,0.22148741,0.032421598,3.092690019,-0.003626706,-0.020042558,0.000072258,-0.001336172,0.133880096
21,captured_image_20250403_191434.jpg,-0.02,0,-0.024988912,0.002336716,0.221467848,0.032016546,3.09291525,-0.00282665,-0.020039229,7.2807E-05,-0.001355734,0.135825419
22,captured_image_20250403_191437.jpg,-0.02,0,-0.024987105,0.002340383,0.221486309,0.032114386,3.092494754,-0.002385192,-0.020037422,0.000076474,-0.001337273,0.133998051
23,captured_image_20250403_191441.jpg,-0.02,0,-0.024984095,0.002338416,0.22148476,0.031978926,3.094745838,-0.00235499,-0.020034412,7.4507E-05,-0.001338822,0.134133509
24,captured_image_20250403_191444.jpg,-0.02,0,-0.024986089,0.002337976,0.221495436,0.031848057,3.093747355,-0.001963395,-0.020036406,7.4067E-05,-0.001328146,0.133070775
25,captured_image_20250403_191448.jpg,-0.02,0,-0.024996671,0.00234235,0.221531445,0.03230732,3.093101582,-0.003407779,-0.020046988,7.8441E-05,-0.001292137,0.129536824
26,captured_image_20250403_191451.jpg,-0.02,0,-0.024982492,0.002337161,0.221485137,0.032110969,3.093636164,-0.00226387,-0.020032809,7.3252E-05,-0.001338445,0.134084947
27,captured_image_20250403_191455.jpg,-0.02,0,-0.024985203,0.002341053,0.221479836,0.032148581,3.09284793,-0.002870615,-0.02003552,7.7144E-05,-0.001343746,0.134642719
28,captured_image_20250403_191458.jpg,-0.02,0,-0.024983494,0.002342555,0.22150918,0.032101508,3.094385643,-0.002295063,-0.020033811,7.8646E-05,-0.001314402,0.131718677
29,captured_image_20250403_191502.jpg,-0.02,0,-0.024983175,0.002337797,0.221474615,0.03191513,3.093378643,-0.000446042,-0.020033492,7.3888E-05,-0.001348967,0.135140413
30,captured_image_20250403_191506.jpg,-0.02,0.02,-0.026021638,0.003236097,0.241907716,0.034207429,3.102126667,-0.015305757,-0.021071955,0.000972188,0.019084134,0.171261425
31,captured_image_20250403_191510.jpg,-0.02,0.02,-0.026024415,0.003244231,0.241912867,0.034257826,3.101172536,-0.01561242,-0.021074732,0.000980322,0.019089285,0.171624063
32,captured_image_20250403_191513.jpg,-0.02,0.02,-0.026028071,0.003244959,0.241946747,0.034078423,3.103114074,-0.017092727,-0.021078388,0.00098105,0.019123165,0.170124055
33,captured_image_20250403_191517.jpg,-0.02,0.02,-0.026022967,0.003246929,0.241933932,0.034105322,3.10263316,-0.016503769,-0.021073284,0.00098302,0.01911035,0.170579717
34,captured_image_20250403_191520.jpg,-0.02,0.02,-0.026022605,0.003241448,0.241935337,0.033917438,3.102210762,-0.015795314,-0.021072922,0.000977539,0.019111755,0.170168249
35,captured_image_20250403_191524.jpg,-0.02,0.02,-0.026008369,0.003242767,0.241865151,0.034375695,3.103804046,-0.015751862,-0.021058686,0.000978858,0.019041569,0.17313489
36,captured_image_20250403_191527.jpg,-0.02,0.02,-0.026025912,0.003239658,0.241945516,0.03445502,3.102297972,-0.015375794,-0.021076229,0.000975749,0.019121934,0.169745541
37,captured_image_20250403_191531.jpg,-0.02,0.02,-0.026013235,0.003245464,0.241891446,0.034374948,3.103966094,-0.017413929,-0.021063552,0.000981555,0.019067864,0.172147338
38,captured_image_20250403_191534.jpg,-0.02,0.02,-0.026015639,0.0032486,0.24186085,0.034200498,3.10297466,-0.018301598,-0.021065956,0.000984691,0.019037268,0.174147393
39,captured_image_20250403_191538.jpg,-0.02,0.02,-0.026022626,0.003243347,0.241937541,0.034378592,3.102245021,-0.01547154,-0.021072943,0.000979438,0.019113959,0.170163866
40,captured_image_20250403_191542.jpg,-0.02,0.04,-0.0270601,0.004075555,0.261919901,0.034456162,3.1021758,-0.014051457,-0.022110417,0.001811646,0.039096319,0.292447611
41,captured_image_20250403_191546.jpg,-0.02,0.04,-0.027050743,0.004074799,0.261877953,0.034787973,3.102122809,-0.011185293,-0.02210106,0.00181089,0.039054371,0.293052724
42,captured_image_20250403_191549.jpg,-0.02,0.04,-0.027059137,0.004075654,0.261930396,0.034338826,3.102539667,-0.011355213,-0.022109454,0.001811745,0.039106814,0.292061592
43,captured_image_20250403_191553.jpg,-0.02,0.04,-0.027062464,0.004074421,0.261936533,0.033906991,3.101891676,-0.010589238,-0.022112781,0.001810512,0.039112951,0.292038579
44,captured_image_20250403_191556.jpg,-0.02,0.04,-0.027055824,0.004083978,0.261909031,0.034388003,3.102542608,-0.014059454,-0.022106141,0.001820069,0.039085449,0.292999737
45,captured_image_20250403_191600.jpg,-0.02,0.04,-0.027054986,0.004075666,0.261894637,0.034601796,3.102534686,-0.010750155,-0.022105303,0.001811757,0.039071055,0.292877158
46,captured_image_20250403_191603.jpg,-0.02,0.04,-0.027060782,0.004082456,0.261913439,0.034600192,3.102003379,-0.012588941,-0.022111099,0.001818547,0.039089857,0.293124759
47,captured_image_20250403_191607.jpg,-0.02,0.04,-0.027062144,0.004082955,0.261956066,0.034614728,3.101649831,-0.012136996,-0.022112461,0.001819046,0.039132484,0.291958967
48,captured_image_20250403_191610.jpg,-0.02,0.04,-0.027052098,0.00407226,0.261929202,0.034438121,3.102468394,-0.01041916,-0.022102415,0.001808351,0.03910562,0.291379439
49,captured_image_20250403_191614.jpg,-0.02,0.04,-0.027048817,0.004081332,0.261875354,0.035013637,3.102618735,-0.015704544,-0.022099134,0.001817423,0.039051772,0.293402901
50,captured_image_20250403_191618.jpg,-0.01,-0.04,-0.012842697,0.000641797,0.182245119,0.033724419,3.105314505,-0.00311526,-0.007893014,-0.001622112,-0.040578463,0.272126015
51,captured_image_20250403_191622.jpg,-0.01,-0.04,-0.012843546,0.000638235,0.182243443,0.033686546,3.104922871,-0.002343498,-0.007893863,-0.001625674,-0.040580139,0.27230847
52,captured_image_20250403_191625.jpg,-0.01,-0.04,-0.01284324,0.000627993,0.182244026,0.033699772,3.105046843,-0.00213929,-0.007893557,-0.001635916,-0.040579556,0.27293238
53,captured_image_20250403_191629.jpg,-0.01,-0.04,-0.012843288,0.000629519,0.18225379,0.033727914,3.105383367,-0.002950838,-0.007893605,-0.00163439,-0.040569792,0.2726315
54,captured_image_20250403_191632.jpg,-0.01,-0.04,-0.012845294,0.000630656,0.182269327,0.03374833,3.105765557,-0.002810706,-0.007895611,-0.001633253,-0.040554255,0.272087615
55,captured_image_20250403_191636.jpg,-0.01,-0.04,-0.012841966,0.00063062,0.182237255,0.03372593,3.105774265,-0.002768356,-0.007892283,-0.001633289,-0.040586327,0.273018008
56,captured_image_20250403_191639.jpg,-0.01,-0.04,-0.012841002,0.000631469,0.182254919,0.033740654,3.105749905,-0.002520436,-0.007891319,-0.00163244,-0.040568663,0.272667811
57,captured_image_20250403_191643.jpg,-0.01,-0.04,-0.012841884,0.000630976,0.182231908,0.033627748,3.105966768,-0.002900774,-0.007892201,-0.001632933,-0.040591674,0.27311838
58,captured_image_20250403_191646.jpg,-0.01,-0.04,-0.012847655,0.000630591,0.182253641,0.033478721,3.104487075,-0.003117641,-0.007897972,-0.001633318,-0.040569941,0.272233028
59,captured_image_20250403_191650.jpg,-0.01,-0.04,-0.012840768,0.000627856,0.182245874,0.03344785,3.10544066,-0.002746147,-0.007891085,-0.001636053,-0.040577708,0.273092263
60,captured_image_20250403_191654.jpg,-0.01,-0.02,-0.013873536,0.001489765,0.202093765,0.033730165,3.10556798,-0.00488792,-0.008923853,-0.000774144,-0.020729817,0.151328258
61,captured_image_20250403_191658.jpg,-0.01,-0.02,-0.013872672,0.001494687,0.202067951,0.033995427,3.105348558,-0.003846697,-0.008922989,-0.000769222,-0.020755631,0.152401883
62,captured_image_20250403_191701.jpg,-0.01,-0.02,-0.013870395,0.001498865,0.202073072,0.033970232,3.105440784,-0.005141238,-0.008920712,-0.000765044,-0.02075051,0.152099315
63,captured_image_20250403_191705.jpg,-0.01,-0.02,-0.013873536,0.001494814,0.202079388,0.033859118,3.105514786,-0.003785253,-0.008923853,-0.000769095,-0.020744194,0.151770359
64,captured_image_20250403_191708.jpg,-0.01,-0.02,-0.013875917,0.001499934,0.202100829,0.033802305,3.104581839,-0.004981344,-0.008926234,-0.000763975,-0.020722753,0.150299804
65,captured_image_20250403_191712.jpg,-0.01,-0.02,-0.013877067,0.001495713,0.202074752,0.033993814,3.104814768,-0.004024732,-0.008927384,-0.000768196,-0.02074883,0.151702885
66,captured_image_20250403_191715.jpg,-0.01,-0.02,-0.013871919,0.001495826,0.202067528,0.034267485,3.105691054,-0.006347936,-0.008922236,-0.000768083,-0.020756054,0.152418647
67,captured_image_20250403_191719.jpg,-0.01,-0.02,-0.013866901,0.001494088,0.202064677,0.034144284,3.105755385,-0.003855013,-0.008917218,-0.000769821,-0.020758905,0.15300255
68,captured_image_20250403_191722.jpg,-0.01,-0.02,-0.013877481,0.001492405,0.202073481,0.034038053,3.104594885,-0.003864647,-0.008927798,-0.000771504,-0.020750101,0.151904149
69,captured_image_20250403_191726.jpg,-0.01,-0.02,-0.013876055,0.001499136,0.20209927,0.034100382,3.104747105,-0.004982799,-0.008926372,-0.000764773,-0.020724312,0.150405542
70,captured_image_20250403_191730.jpg,-0.01,0,-0.014948632,0.002283786,0.222091601,0.033687164,3.104129748,-0.006391239,-0.009998949,1.9877E-05,-0.000731981,0.073225159
71,captured_image_20250403_191734.jpg,-0.01,0,-0.014947887,0.002284614,0.22205705,0.033487457,3.103658603,-0.007634192,-0.009998204,2.0705E-05,-0.000766532,0.076681369
72,captured_image_20250403_191737.jpg,-0.01,0,-0.014938742,0.002282312,0.222076354,0.033624098,3.104690687,-0.00429394,-0.009989059,1.8403E-05,-0.000747228,0.074753465
73,captured_image_20250403_191741.jpg,-0.01,0,-0.014943471,0.002279687,0.222062128,0.03375124,3.104276322,-0.005895414,-0.009993788,1.5778E-05,-0.000761454,0.076164278
74,captured_image_20250403_191744.jpg,-0.01,0,-0.014951359,0.002288297,0.222058222,0.033438987,3.102766923,-0.005589898,-0.010001676,2.4388E-05,-0.00076536,0.076575029
75,captured_image_20250403_191748.jpg,-0.01,0,-0.014951295,0.00229345,0.222088349,0.033514825,3.10376297,-0.006926156,-0.010001612,2.9541E-05,-0.000735233,0.073582799
76,captured_image_20250403_191751.jpg,-0.01,0,-0.014945524,0.002292813,0.222081463,0.033958931,3.105266944,-0.007598751,-0.009995841,2.8904E-05,-0.000742119,0.074269331
77,captured_image_20250403_191755.jpg,-0.01,0,-0.014937531,0.002288397,0.222022704,0.033698274,3.104742374,-0.00684629,-0.009987848,0.000024488,-0.000800878,0.080134444
78,captured_image_20250403_191758.jpg,-0.01,0,-0.014947458,0.002284061,0.222056888,0.034030594,3.104344171,-0.004206809,-0.009997775,2.0152E-05,-0.000766694,0.076696202
79,captured_image_20250403_191802.jpg,-0.01,0,-0.014950332,0.002289666,0.222070788,0.033788406,3.103868092,-0.006661549,-0.010000649,0.000025757,-0.000752794,0.075323479
80,captured_image_20250403_191806.jpg,-0.01,0.02,-0.016036698,0.003161235,0.242094486,0.033074932,3.104123877,0.000705728,-0.011087015,0.000897326,0.019270904,0.158693936
81,captured_image_20250403_191810.jpg,-0.01,0.02,-0.016040411,0.003168501,0.242102541,0.033478659,3.102188843,-0.002934386,-0.011090728,0.000904592,0.019278959,0.158992905
82,captured_image_20250403_191813.jpg,-0.01,0.02,-0.016039021,0.003166856,0.242112257,0.032945846,3.10387856,0.001154832,-0.011089338,0.000902947,0.019288675,0.158365205
83,captured_image_20250403_191817.jpg,-0.01,0.02,-0.016027145,0.003166614,0.242077113,0.032966059,3.104764789,-0.000895389,-0.011077462,0.000902705,0.019253531,0.159154536
84,captured_image_20250403_191820.jpg,-0.01,0.02,-0.016037022,0.003173419,0.242095742,0.033293914,3.10234124,-0.002875998,-0.011087339,0.00090951,0.01927216,0.159350733
85,captured_image_20250403_191824.jpg,-0.01,0.02,-0.016032329,0.003169622,0.242067198,0.033430208,3.103581564,-0.000733545,-0.011082646,0.000905713,0.019243616,0.160142285
86,captured_image_20250403_191827.jpg,-0.01,0.02,-0.016029325,0.003166307,0.242091078,0.0331759,3.104391527,-0.000522144,-0.011079642,0.000902398,0.019267496,0.158635151
87,captured_image_20250403_191831.jpg,-0.01,0.02,-0.016038512,0.003168299,0.24209618,0.033439261,3.101659168,-0.001208878,-0.011088829,0.00090439,0.019272598,0.159140929
88,captured_image_20250403_191834.jpg,-0.01,0.02,-0.016029503,0.003173932,0.242093317,0.033113851,3.104515055,-0.002842861,-0.01107982,0.000910023,0.019269735,0.158979246
89,captured_image_20250403_191838.jpg,-0.01,0.02,-0.016037335,0.003167841,0.242112474,0.032935893,3.102097426,0.000353072,-0.011087652,0.000903932,0.019288892,0.158295752
90,captured_image_20250403_191842.jpg,-0.01,0.04,-0.017084088,0.003898434,0.261995816,0.03310103,3.102063088,0.00178509,-0.012134405,0.001634525,0.039172234,0.28129261
91,captured_image_20250403_191846.jpg,-0.01,0.04,-0.017081606,0.003899412,0.262053198,0.032797893,3.102640954,-0.000368193,-0.012131923,0.001635503,0.039229616,0.27952562
92,captured_image_20250403_191849.jpg,-0.01,0.04,-0.01708509,0.003910538,0.262009163,0.032620365,3.101394925,-0.001259836,-0.012135407,0.001646629,0.039185581,0.281684725
93,captured_image_20250403_191853.jpg,-0.01,0.04,-0.017085301,0.003905378,0.262008274,0.033174234,3.102205128,-9.93E-05,-0.012135618,0.001641469,0.039184692,0.281425156
94,captured_image_20250403_191856.jpg,-0.01,0.04,-0.017087354,0.003908446,0.262029702,0.032754515,3.103075735,0.000580325,-0.012137671,0.001644537,0.03920612,0.281147376
95,captured_image_20250403_191900.jpg,-0.01,0.04,-0.017082574,0.003908096,0.26203413,0.033024477,3.102094508,-0.00012651,-0.012132891,0.001644187,0.039210548,0.280638725
96,captured_image_20250403_191903.jpg,-0.01,0.04,-0.017077346,0.003907461,0.261982445,0.032792929,3.102089444,-0.000500199,-0.012127663,0.001643552,0.039158863,0.281704179
97,captured_image_20250403_191907.jpg,-0.01,0.04,-0.017081016,0.003909696,0.262015434,0.032794069,3.102666999,-0.000282248,-0.012131333,0.001645787,0.039191852,0.281145841
98,captured_image_20250403_191910.jpg,-0.01,0.04,-0.017085149,0.003902019,0.262008651,0.03284651,3.101943794,0.000770891,-0.012135466,0.00163811,0.039185069,0.281206898
99,captured_image_20250403_191914.jpg,-0.01,0.04,-0.017076814,0.003905181,0.262004388,0.032972799,3.103449424,-2.42E-05,-0.012127131,0.001641272,0.039180806,0.28088323
100,captured_image_20250403_191918.jpg,0,-0.04,-0.002824733,0.000579825,0.183020332,0.034420522,3.110235116,-0.003282383,0.00212495,-0.001684084,-0.03980325,0.271850363
101,captured_image_20250403_191922.jpg,0,-0.04,-0.002821418,0.000574708,0.18303247,0.034235225,3.110505278,-0.002520487,0.002128265,-0.001689201,-0.039791112,0.272516901
102,captured_image_20250403_191925.jpg,0,-0.04,-0.002826418,0.000567428,0.183024998,0.034276311,3.11080417,-0.002534773,0.002123265,-0.001696481,-0.039798584,0.272522851
103,captured_image_20250403_191929.jpg,0,-0.04,-0.002826084,0.000570901,0.183030468,0.034774323,3.110636602,-0.003456956,0.002123599,-0.001693008,-0.039793114,0.272373835
104,captured_image_20250403_191932.jpg,0,-0.04,-0.002826576,0.000571354,0.183036218,0.034457524,3.110468104,-0.002486967,0.002123107,-0.001692555,-0.039787364,0.272351608
105,captured_image_20250403_191936.jpg,0,-0.04,-0.002825596,0.000569868,0.183027723,0.034627504,3.110802384,-0.002222604,0.002124087,-0.001694041,-0.039795859,0.272455392
106,captured_image_20250403_191939.jpg,0,-0.04,-0.00282595,0.000568945,0.183023319,0.034672677,3.110748656,-0.003181087,0.002123733,-0.001694964,-0.039800263,0.272452559
107,captured_image_20250403_191943.jpg,0,-0.04,-0.002824717,0.000564858,0.183023312,0.03463887,3.110078659,-0.001580324,0.002124966,-0.001699051,-0.03980027,0.272802985
108,captured_image_20250403_191946.jpg,0,-0.04,-0.002824421,0.000572925,0.183021244,0.034470922,3.110452587,-0.002657414,0.002125262,-0.001690984,-0.039802338,0.272309304
109,captured_image_20250403_191950.jpg,0,-0.04,-0.002825028,0.000570093,0.183017187,0.034616525,3.110548198,-0.003930376,0.002124655,-0.001693816,-0.039806395,0.272408781
110,captured_image_20250403_191954.jpg,0,-0.02,-0.003875608,0.001371165,0.202858904,0.03409462,3.112844132,-0.001963119,0.001074075,-0.000892744,-0.019964678,0.139709577
111,captured_image_20250403_191958.jpg,0,-0.02,-0.003875287,0.001374144,0.202867618,0.033644089,3.111904147,-0.002265671,0.001074396,-0.000889765,-0.019955964,0.139568897
112,captured_image_20250403_192001.jpg,0,-0.02,-0.003875829,0.001376824,0.202850278,0.034172731,3.111691065,-0.003093164,0.001073854,-0.000887085,-0.019973304,0.139312415
113,captured_image_20250403_192005.jpg,0,-0.02,-0.003873418,0.001371394,0.202862165,0.033964343,3.112103482,-0.00148638,0.001076265,-0.000892515,-0.019961417,0.139872014
114,captured_image_20250403_192008.jpg,0,-0.02,-0.003880451,0.001375147,0.202857826,0.033967339,3.111279797,-0.000873187,0.001069232,-0.000888762,-0.019965756,0.139080107
115,captured_image_20250403_192012.jpg,0,-0.02,-0.003875079,0.001376766,0.202872401,0.034088086,3.111906945,-0.001627054,0.001074604,-0.000887143,-0.019951181,0.139433846
116,captured_image_20250403_192015.jpg,0,-0.02,-0.003874309,0.001374733,0.202863386,0.034131303,3.111579224,-0.001220146,0.001075374,-0.000889176,-0.019960196,0.139593967
117,captured_image_20250403_192019.jpg,0,-0.02,-0.003878446,0.001371243,0.202870643,0.034070803,3.11106038,-0.001681158,0.001071237,-0.000892666,-0.019952939,0.139521182
118,captured_image_20250403_192022.jpg,0,-0.02,-0.003876333,0.001375417,0.202869765,0.034057742,3.11159335,-0.002664124,0.00107335,-0.000888492,-0.019953817,0.139414172
119,captured_image_20250403_192026.jpg,0,-0.02,-0.003873981,0.00137655,0.202851262,0.033665173,3.112422318,-0.001962807,0.001075702,-0.000887359,-0.01997232,0.139474262
120,captured_image_20250403_192030.jpg,0,0,-0.004949683,0.002263909,0.222823582,0.033541272,3.111677018,-0.001863031,0,0,0,0
121,captured_image_20250403_192034.jpg,0,0,-0.004945378,0.002268282,0.222861491,0.033690036,3.112677443,-0.003557308,4.305E-06,4.373E-06,3.7909E-05,0.003840245
122,captured_image_20250403_192037.jpg,0,0,-0.004943178,0.002268529,0.222837481,0.034036874,3.111403577,-0.002660785,6.505E-06,4.62E-06,1.3899E-05,0.001602628
123,captured_image_20250403_192041.jpg,0,0,-0.004941812,0.002264194,0.222844472,0.033631241,3.112542956,-0.000794377,7.871E-06,2.85E-07,2.089E-05,0.002232546
124,captured_image_20250403_192044.jpg,0,0,-0.004943313,0.002271607,0.222842835,0.033911103,3.112116762,-0.003378472,6.37E-06,7.698E-06,1.9253E-05,0.002169134
125,captured_image_20250403_192048.jpg,0,0,-0.004943332,0.002272853,0.222856263,0.033700813,3.112462583,-0.002481861,6.351E-06,8.944E-06,3.2681E-05,0.003447286
126,captured_image_20250403_192051.jpg,0,0,-0.004946327,0.0022728,0.222816961,0.033832442,3.11229956,-0.003875578,3.356E-06,8.891E-06,-6.621E-06,0.001158233
127,captured_image_20250403_192055.jpg,0,0,-0.00494647,0.002271996,0.222839404,0.033865497,3.112855907,-0.002427136,3.213E-06,8.087E-06,1.5822E-05,0.001805709
128,captured_image_20250403_192058.jpg,0,0,-0.004946644,0.002266085,0.222854544,0.034115223,3.112919664,-0.001646595,3.039E-06,0.000002176,3.0962E-05,0.003118679
129,captured_image_20250403_192102.jpg,0,0,-0.004941689,0.002268491,0.22280073,0.034069812,3.112659589,-0.002644154,7.994E-06,4.582E-06,-2.2852E-05,0.002463966
130,captured_image_20250403_192106.jpg,0,0.02,-0.005986144,0.003051347,0.242844914,0.033774635,3.111693763,-0.004272026,-0.001036461,0.000787438,0.020021332,0.130183143
131,captured_image_20250403_192110.jpg,0,0.02,-0.005986964,0.003047956,0.242853402,0.034079439,3.111772551,-0.002413488,-0.001037281,0.000784047,0.02002982,0.130060401
132,captured_image_20250403_192113.jpg,0,0.02,-0.005979022,0.003059174,0.242827321,0.033824555,3.111708009,-0.003755884,-0.001029339,0.000795265,0.020003739,0.130076869
133,captured_image_20250403_192117.jpg,0,0.02,-0.005980566,0.003060549,0.242880424,0.033605469,3.11305852,-0.004929365,-0.001030883,0.00079664,0.020056842,0.130406521
134,captured_image_20250403_192120.jpg,0,0.02,-0.005991417,0.003062571,0.242851268,0.033782784,3.111187541,-0.002920649,-0.001041734,0.000798662,0.020027686,0.131294982
135,captured_image_20250403_192124.jpg,0,0.02,-0.005986283,0.003062537,0.242874334,0.034292545,3.111622954,-0.002265367,-0.0010366,0.000798628,0.020050752,0.130955031
136,captured_image_20250403_192127.jpg,0,0.02,-0.005986451,0.003059359,0.24286242,0.033802376,3.11274817,-0.004554555,-0.001036768,0.00079545,0.020038838,0.130733966
137,captured_image_20250403_192131.jpg,0,0.02,-0.005983269,0.003053456,0.242799989,0.033663486,3.110797307,-0.002385255,-0.001033586,0.000789547,0.019976407,0.130086168
138,captured_image_20250403_192134.jpg,0,0.02,-0.005985527,0.003058282,0.242863123,0.033902546,3.112119245,-0.00240385,-0.001035844,0.000794373,0.020039541,0.130597272
139,captured_image_20250403_192138.jpg,0,0.02,-0.005983663,0.003061104,0.242835989,0.034020126,3.111563338,-0.002621698,-0.00103398,0.000797195,0.020012407,0.130567547
140,captured_image_20250403_192142.jpg,0,0.04,-0.007062229,0.003851407,0.262884565,0.032953133,3.113774784,-0.003421515,-0.002112546,0.001587498,0.040060983,0.264324033
141,captured_image_20250403_192146.jpg,0,0.04,-0.007069969,0.003857236,0.262921478,0.03344272,3.111700093,-0.002477407,-0.002120286,0.001593327,0.040097896,0.265403227
142,captured_image_20250403_192149.jpg,0,0.04,-0.007064527,0.003860753,0.262870935,0.032991561,3.111175449,-0.003438205,-0.002114844,0.001596844,0.040047353,0.26504185
143,captured_image_20250403_192153.jpg,0,0.04,-0.007069342,0.003865188,0.262923881,0.032905487,3.112008856,-0.002244008,-0.002119659,0.001601279,0.040100299,0.265840339
144,captured_image_20250403_192156.jpg,0,0.04,-0.007069961,0.003855151,0.262940466,0.033038721,3.110711753,0.000659097,-0.002120278,0.001591242,0.040116884,0.265354325
145,captured_image_20250403_192200.jpg,0,0.04,-0.007069456,0.003850546,0.262866861,0.033301105,3.110765492,-0.000243557,-0.002119773,0.001586637,0.040043279,0.264815551
146,captured_image_20250403_192203.jpg,0,0.04,-0.007069428,0.003854185,0.262861431,0.032884834,3.111514562,-0.001895718,-0.002119745,0.001590276,0.040037849,0.265023191
147,captured_image_20250403_192207.jpg,0,0.04,-0.007067496,0.00385997,0.262883871,0.033301349,3.111836928,-0.00324972,-0.002117813,0.001596061,0.040060289,0.265257938
148,captured_image_20250403_192210.jpg,0,0.04,-0.007064037,0.00385362,0.26282978,0.033119379,3.111587154,-0.000294936,-0.002114354,0.001589711,0.040006198,0.264531894
149,captured_image_20250403_192214.jpg,0,0.04,-0.007066415,0.003859891,0.262882995,0.033228395,3.111760042,-0.003829221,-0.002116732,0.001595982,0.040059413,0.265164907
150,captured_image_20250403_192218.jpg,0.01,-0.04,0.007242003,0.000549398,0.183320361,0.034584429,3.116672868,-0.002974534,0.012191686,-0.001714511,-0.039503221,0.282662783
151,captured_image_20250403_192222.jpg,0.01,-0.04,0.007241542,0.000547826,0.183312285,0.03467771,3.117080695,-0.003382457,0.012191225,-0.001716083,-0.039511297,0.282581643
152,captured_image_20250403_192225.jpg,0.01,-0.04,0.007240667,0.000545576,0.183319161,0.034822362,3.117809935,-0.003155275,0.01219035,-0.001718333,-0.039504421,0.282770224
153,captured_image_20250403_192229.jpg,0.01,-0.04,0.00723823,0.000546271,0.183304007,0.034723246,3.117231933,-0.003158132,0.012187913,-0.001717638,-0.039519575,0.282277377
154,captured_image_20250403_192232.jpg,0.01,-0.04,0.007245928,0.000542936,0.183306514,0.0345791,3.118287789,-0.00351877,0.012195611,-0.001720973,-0.039517068,0.283119746
155,captured_image_20250403_192236.jpg,0.01,-0.04,0.007241481,0.000544806,0.183313456,0.034487163,3.116950604,-0.003188437,0.012191164,-0.001719103,-0.039510126,0.282780681
156,captured_image_20250403_192239.jpg,0.01,-0.04,0.007245717,0.000546481,0.183316902,0.03487904,3.117707323,-0.003492607,0.0121954,-0.001717428,-0.03950668,0.283067213
157,captured_image_20250403_192243.jpg,0.01,-0.04,0.007243379,0.000539068,0.183326539,0.034691333,3.117935412,-0.001855951,0.012193062,-0.001724841,-0.039497043,0.283505964
158,captured_image_20250403_192246.jpg,0.01,-0.04,0.007242525,0.00053943,0.183295676,0.034877273,3.116685151,-0.002766801,0.012192208,-0.001724479,-0.039527906,0.282886488
159,captured_image_20250403_192250.jpg,0.01,-0.04,0.007248158,0.000540384,0.183326726,0.034566969,3.118029889,-0.002018222,0.012197841,-0.001723525,-0.039496856,0.283799178
160,captured_image_20250403_192254.jpg,0.01,-0.02,0.006139831,0.001330509,0.20335879,0.034501945,3.115714425,-0.001291739,0.011089514,-0.0009334,-0.019464792,0.153124914
161,captured_image_20250403_192258.jpg,0.01,-0.02,0.00613868,0.001336881,0.203381061,0.034468465,3.116047082,-0.002445569,0.011088363,-0.000927028,-0.019442521,0.153450245
162,captured_image_20250403_192301.jpg,0.01,-0.02,0.006142824,0.001341718,0.203370669,0.03490052,3.115995859,-0.003102136,0.011092507,-0.000922191,-0.019452913,0.153078802
163,captured_image_20250403_192305.jpg,0.01,-0.02,0.006138927,0.001337128,0.20339087,0.03430776,3.115071483,-0.001742595,0.01108861,-0.000926781,-0.019432712,0.153811912
164,captured_image_20250403_192308.jpg,0.01,-0.02,0.006142231,0.001339604,0.2033554,0.034636812,3.115419105,-0.002434391,0.011091914,-0.000924305,-0.019468182,0.152625237
165,captured_image_20250403_192312.jpg,0.01,-0.02,0.006139621,0.001340599,0.203379296,0.034728981,3.115290673,-0.002692258,0.011089304,-0.00092331,-0.019444286,0.153228673
166,captured_image_20250403_192315.jpg,0.01,-0.02,0.006144348,0.001337865,0.203356465,0.034468259,3.116515031,-0.001643348,0.011094031,-0.000926044,-0.019467117,0.152919116
167,captured_image_20250403_192319.jpg,0.01,-0.02,0.006142355,0.001338109,0.203361893,0.034460785,3.115454744,-0.003208177,0.011092038,-0.0009258,-0.019461689,0.152951998
168,captured_image_20250403_192322.jpg,0.01,-0.02,0.006144636,0.001339698,0.203371048,0.034554745,3.116208241,-0.001918697,0.011094319,-0.000924211,-0.019452534,0.153343375
169,captured_image_20250403_192326.jpg,0.01,-0.02,0.006136784,0.00134129,0.2033617,0.034681528,3.11530339,-0.002493672,0.011086467,-0.000922619,-0.019461882,0.15235509
170,captured_image_20250403_192330.jpg,0.01,0,0.005057412,0.002217366,0.223423868,0.034081215,3.108485835,-0.000720179,0.010007095,-0.000046543,0.000600286,0.060212945
171,captured_image_20250403_192334.jpg,0.01,0,0.005055674,0.002222859,0.223466525,0.033932073,3.107323478,-0.001914336,0.010005357,-4.105E-05,0.000642943,0.06442744
172,captured_image_20250403_192337.jpg,0.01,0,0.005056484,0.00222458,0.223460292,0.033706904,3.107650824,-0.001085569,0.010006167,-3.9329E-05,0.00063671,0.063795331
173,captured_image_20250403_192341.jpg,0.01,0,0.005055803,0.002228036,0.223448411,0.033974478,3.107589599,-0.000335407,0.010005486,-3.5873E-05,0.000624829,0.062588198
174,captured_image_20250403_192344.jpg,0.01,0,0.005058928,0.002225836,0.223451284,0.033928573,3.109228548,-0.001500423,0.010008611,-0.000038073,0.000627702,0.062891454
175,captured_image_20250403_192348.jpg,0.01,0,0.005057097,0.002228125,0.223464253,0.033988489,3.107492247,-0.002316186,0.01000678,-3.5784E-05,0.000640671,0.064170538
176,captured_image_20250403_192351.jpg,0.01,0,0.005057579,0.002222891,0.223441199,0.033642283,3.10793016,-0.001278807,0.010007262,-4.1018E-05,0.000617617,0.061902017
177,captured_image_20250403_192355.jpg,0.01,0,0.005056701,0.002223392,0.223459677,0.03379306,3.107848323,-0.001518944,0.010006384,-4.0517E-05,0.000636095,0.063741606
178,captured_image_20250403_192358.jpg,0.01,0,0.005060894,0.002224218,0.223473972,0.034083969,3.108102673,0.000142459,0.010010577,-3.9691E-05,0.00065039,0.065168581
179,captured_image_20250403_192402.jpg,0.01,0,0.005056166,0.002228168,0.223461242,0.033666789,3.106991733,0.000111241,0.010005849,-3.5741E-05,0.00063766,0.063868764
180,captured_image_20250403_192406.jpg,0.01,0.02,0.00398138,0.002950685,0.243447207,0.033789266,3.110613758,-0.002838123,0.008931063,0.000686776,0.020623625,0.141534297
181,captured_image_20250403_192410.jpg,0.01,0.02,0.003981575,0.002947757,0.243464235,0.033687476,3.110356665,-0.001791469,0.008931258,0.000683848,0.020640653,0.14213704
182,captured_image_20250403_192413.jpg,0.01,0.02,0.003976846,0.002957019,0.243454712,0.034038078,3.109369643,-0.003758454,0.008926529,0.00069311,0.02063113,0.142515492
183,captured_image_20250403_192417.jpg,0.01,0.02,0.003977466,0.002949686,0.243511055,0.03345715,3.109763653,-0.001430566,0.008927149,0.000685777,0.020687473,0.144703783
184,captured_image_20250403_192420.jpg,0.01,0.02,0.003976257,0.002956972,0.243467545,0.033798786,3.109832805,-0.002669006,0.00892594,0.000693063,0.020643963,0.143130344
185,captured_image_20250403_192424.jpg,0.01,0.02,0.003981777,0.002955004,0.24347818,0.033140074,3.109463312,-0.003481971,0.00893146,0.000691095,0.020654598,0.143104457
186,captured_image_20250403_192427.jpg,0.01,0.02,0.003976266,0.002954236,0.243448406,0.033738932,3.108341802,-0.00366414,0.008925949,0.000690327,0.020624824,0.142145768
187,captured_image_20250403_192431.jpg,0.01,0.02,0.003980119,0.002952394,0.243522376,0.033387056,3.109661593,-0.003020776,0.008929802,0.000688485,0.020698794,0.145177423
188,captured_image_20250403_192434.jpg,0.01,0.02,0.0039752,0.002949016,0.243459719,0.033405686,3.108518782,-0.000854627,0.008924883,0.000685107,0.020636137,0.142475207
189,captured_image_20250403_192438.jpg,0.01,0.02,0.003979098,0.002950743,0.243472847,0.033636129,3.109455116,-0.003491022,0.008928781,0.000686834,0.020649265,0.142856436
190,captured_image_20250403_192442.jpg,0.01,0.04,0.002906586,0.00378557,0.263398751,0.03371335,3.107637117,-0.00508199,0.007856269,0.001521661,0.040575169,0.269106934
191,captured_image_20250403_192446.jpg,0.01,0.04,0.002918013,0.003787858,0.26342221,0.033344544,3.110233562,-0.003381518,0.007867696,0.001523949,0.040598628,0.268840034
192,captured_image_20250403_192449.jpg,0.01,0.04,0.002916568,0.003788133,0.263423693,0.03323767,3.109523631,-0.002487768,0.007866251,0.001524224,0.040600111,0.269003286
193,captured_image_20250403_192453.jpg,0.01,0.04,0.002918992,0.003786454,0.263457784,0.033693891,3.109402931,-0.001464968,0.007868675,0.001522545,0.040634202,0.269497713
194,captured_image_20250403_192456.jpg,0.01,0.04,0.002924944,0.003790948,0.263394029,0.033373649,3.111417139,-0.004066317,0.007874627,0.001527039,0.040570447,0.267851979
195,captured_image_20250403_192500.jpg,0.01,0.04,0.002909526,0.003792277,0.263446502,0.033811122,3.107271621,-0.004211555,0.007859209,0.001528368,0.04062292,0.270313229
196,captured_image_20250403_192503.jpg,0.01,0.04,0.002919386,0.003788467,0.263435466,0.033627686,3.110149394,-0.001742702,0.007869069,0.001524558,0.040611884,0.269064045
197,captured_image_20250403_192507.jpg,0.01,0.04,0.002919765,0.003790737,0.263387902,0.033599605,3.107743961,-0.003280145,0.007869448,0.001526828,0.04056432,0.268121477
198,captured_image_20250403_192510.jpg,0.01,0.04,0.002915681,0.003792423,0.263418996,0.033515629,3.107393423,-0.004919631,0.007865364,0.001528514,0.040595414,0.269212625
199,captured_image_20250403_192514.jpg,0.01,0.04,0.002915151,0.003788746,0.263462624,0.033335864,3.108218743,-0.00532275,0.007864834,0.001524837,0.040639042,0.270045115
200,captured_image_20250403_192518.jpg,0.02,-0.04,0.017245431,0.000462072,0.183890676,0.034852581,3.120347977,-0.006408036,0.022195114,-0.001801837,-0.038932906,0.303378174
201,captured_image_20250403_192522.jpg,0.02,-0.04,0.017241993,0.000456053,0.183900638,0.035134321,3.120712238,-0.007335758,0.022191676,-0.001807856,-0.038922944,0.303839376
202,captured_image_20250403_192525.jpg,0.02,-0.04,0.017242721,0.000449951,0.183879011,0.034765958,3.120928324,-0.006819646,0.022192404,-0.001813958,-0.038944571,0.303496446
203,captured_image_20250403_192529.jpg,0.02,-0.04,0.017243221,0.000447241,0.183887411,0.034836626,3.120693878,-0.005722728,0.022192904,-0.001816668,-0.038936171,0.303987544
204,captured_image_20250403_192532.jpg,0.02,-0.04,0.017242269,0.000451175,0.183864999,0.035035446,3.12072053,-0.005758067,0.022191952,-0.001812734,-0.038958583,0.30290605
205,captured_image_20250403_192536.jpg,0.02,-0.04,0.017249697,0.000451842,0.183899801,0.035150427,3.121821729,-0.006756687,0.02219938,-0.001812067,-0.038923781,0.304616259
206,captured_image_20250403_192539.jpg,0.02,-0.04,0.017247132,0.000452163,0.183887742,0.035001426,3.120945666,-0.006492755,0.022196815,-0.001811746,-0.03893584,0.303987767
207,captured_image_20250403_192543.jpg,0.02,-0.04,0.017247245,0.000447419,0.183874941,0.03508199,3.120669855,-0.004927804,0.022196928,-0.00181649,-0.038948641,0.303833578
208,captured_image_20250403_192546.jpg,0.02,-0.04,0.017245134,0.000444147,0.183882282,0.034662188,3.120903248,-0.005559144,0.022194817,-0.001819762,-0.0389413,0.304131568
209,captured_image_20250403_192550.jpg,0.02,-0.04,0.017248485,0.000442021,0.183890197,0.034926796,3.120770164,-0.004386981,0.022198168,-0.001821888,-0.038933385,0.304776738
210,captured_image_20250403_192554.jpg,0.02,-0.02,0.016119234,0.001306821,0.203918766,0.034423006,3.113147062,-0.004392812,0.021068917,-0.000957088,-0.018904816,0.18050011
211,captured_image_20250403_192558.jpg,0.02,-0.02,0.016114625,0.001320092,0.203906302,0.034335661,3.112953384,-0.006442478,0.021064308,-0.000943817,-0.01891728,0.178768695
212,captured_image_20250403_192601.jpg,0.02,-0.02,0.016125148,0.001316988,0.203920164,0.034036234,3.11384069,-0.005467639,0.021074831,-0.000946921,-0.018903418,0.180399921
213,captured_image_20250403_192605.jpg,0.02,-0.02,0.016119397,0.0013167,0.203905322,0.034417218,3.113010233,-0.003596981,0.02106908,-0.000947209,-0.01891826,0.179173055
214,captured_image_20250403_192608.jpg,0.02,-0.02,0.016117121,0.001316047,0.203894653,0.034301106,3.112978983,-0.004624054,0.021066804,-0.000947862,-0.018928929,0.178429432
215,captured_image_20250403_192612.jpg,0.02,-0.02,0.016118126,0.001316882,0.203884451,0.034012616,3.11329688,-0.005319206,0.021067809,-0.000947027,-0.018939131,0.177834733
216,captured_image_20250403_192615.jpg,0.02,-0.02,0.016121264,0.001315781,0.203906294,0.034196513,3.114109703,-0.005476213,0.021070947,-0.000948128,-0.018917288,0.179391735
217,captured_image_20250403_192619.jpg,0.02,-0.02,0.016118015,0.001315416,0.203901493,0.03422744,3.113158351,-0.004643562,0.021067698,-0.000948493,-0.018922089,0.178927642
218,captured_image_20250403_192622.jpg,0.02,-0.02,0.016119288,0.001315383,0.203896918,0.034283668,3.11329688,-0.004000765,0.021068971,-0.000948526,-0.018926664,0.178730264
219,captured_image_20250403_192626.jpg,0.02,-0.02,0.016115567,0.001308175,0.203871331,0.034160397,3.112073593,-0.002390157,0.02106525,-0.000955734,-0.018952251,0.177368628
220,captured_image_20250403_192630.jpg,0.02,0,0.01507475,0.002072767,0.223898615,0.033393465,3.115755491,-0.008149172,0.020024433,-0.000191142,0.001075033,0.109216674
221,captured_image_20250403_192634.jpg,0.02,0,0.015085845,0.002076245,0.223922108,0.033015773,3.11742746,-0.009060834,0.020035528,-0.000187664,0.001098526,0.111500645
222,captured_image_20250403_192637.jpg,0.02,0,0.015079044,0.002075666,0.223903273,0.033094165,3.115069612,-0.008153644,0.020028727,-0.000188243,0.001079691,0.109635456
223,captured_image_20250403_192641.jpg,0.02,0,0.015082708,0.002079548,0.223956593,0.033662793,3.114737677,-0.009268411,0.020032391,-0.000184361,0.001133011,0.114836931
224,captured_image_20250403_192644.jpg,0.02,0,0.015080687,0.002079741,0.223921351,0.033344961,3.11572159,-0.007920056,0.02003037,-0.000184168,0.001097769,0.111352457
225,captured_image_20250403_192648.jpg,0.02,0,0.015083762,0.002083887,0.223917947,0.033315423,3.117137951,-0.010187994,0.020033445,-0.000180022,0.001094365,0.110957706
226,captured_image_20250403_192651.jpg,0.02,0,0.015084598,0.002078874,0.22391904,0.033505351,3.116809382,-0.009508604,0.020034281,-0.000185035,0.001095458,0.11115041
227,captured_image_20250403_192655.jpg,0.02,0,0.015082383,0.002082665,0.223939716,0.033428807,3.116494584,-0.009274969,0.020032066,-0.000181244,0.001116134,0.113120852
228,captured_image_20250403_192658.jpg,0.02,0,0.015072025,0.002082005,0.223888584,0.033461164,3.113851901,-0.009134254,0.020021708,-0.000181904,0.001065002,0.108064312
229,captured_image_20250403_192702.jpg,0.02,0,0.015081337,0.002078463,0.223907122,0.03336391,3.115770765,-0.009336412,0.02003102,-0.000185446,0.00108354,0.109973242
230,captured_image_20250403_192706.jpg,0.02,0.02,0.014031274,0.002898902,0.243753068,0.033952592,3.117476606,-0.002698746,0.018980957,0.000634993,0.020929486,0.151842319
231,captured_image_20250403_192713.jpg,0.02,0.02,0.014035162,0.002906877,0.24376397,0.033781987,3.119024953,-0.004096378,0.018984845,0.000642968,0.020940388,0.15258693
232,captured_image_20250403_192717.jpg,0.02,0.02,0.014036752,0.002903257,0.243792447,0.03399557,3.118651868,-0.001085009,0.018986435,0.000639348,0.020968865,0.154103188
233,captured_image_20250403_192720.jpg,0.02,0.02,0.014038077,0.00290663,0.243806323,0.03400563,3.118168368,-0.001490719,0.01898776,0.000642721,0.020982741,0.155032254
234,captured_image_20250403_192724.jpg,0.02,0.02,0.014040633,0.002904677,0.243817402,0.033575576,3.11900268,-0.002420673,0.018990316,0.000640768,0.02099382,0.155490308
235,captured_image_20250403_192727.jpg,0.02,0.02,0.014038031,0.002904287,0.243805933,0.034495706,3.119032525,-0.002873168,0.018987714,0.000640378,0.020982351,0.154913538
236,captured_image_20250403_192731.jpg,0.02,0.02,0.014047186,0.002904775,0.243823495,0.034525658,3.120730235,-0.000965107,0.018996869,0.000640866,0.020999913,0.155460832
237,captured_image_20250403_192734.jpg,0.02,0.02,0.014037696,0.002901033,0.243769817,0.034328946,3.118449387,-0.000781965,0.018987379,0.000637124,0.020946235,0.15253488
238,captured_image_20250403_192738.jpg,0.02,0.02,0.014042328,0.002907822,0.243843081,0.034535223,3.118293116,-0.002288511,0.018992011,0.000643913,0.021019499,0.157163736
239,captured_image_20250403_192742.jpg,0.02,0.04,0.012947811,0.003714838,0.264042431,0.035754353,3.113626941,-0.003088508,0.017897494,0.001450929,0.041218849,0.283042741
240,captured_image_20250403_192746.jpg,0.02,0.04,0.012959753,0.003729482,0.264114986,0.035371122,3.114464523,-0.006637899,0.017909436,0.001465573,0.041291404,0.286113375
241,captured_image_20250403_192749.jpg,0.02,0.04,0.012961824,0.003719531,0.264055587,0.035415475,3.114080091,-0.004134561,0.017911507,0.001455622,0.041232005,0.282815748
242,captured_image_20250403_192753.jpg,0.02,0.04,0.012956536,0.003725507,0.264102218,0.035176919,3.114017283,-0.005605298,0.017906219,0.001461598,0.041278636,0.285571315
243,captured_image_20250403_192756.jpg,0.02,0.04,0.012960862,0.003725707,0.264098924,0.035345817,3.115226449,-0.00240787,0.017910545,0.001461798,0.041275342,0.285117043
244,captured_image_20250403_192800.jpg,0.02,0.04,0.012964754,0.003720924,0.264072741,0.035450009,3.116170737,-0.00431361,0.017914437,0.001457015,0.041249159,0.283423075
245,captured_image_20250403_192803.jpg,0.02,0.04,0.012965318,0.003734906,0.264139812,0.035397428,3.11466967,-0.007264418,0.017915001,0.001470997,0.04131623,0.287115211
246,captured_image_20250403_192807.jpg,0.02,0.04,0.012960588,0.003724036,0.264069793,0.035172395,3.113584433,-0.003225361,0.017910271,0.001460127,0.041246211,0.28376011
247,captured_image_20250403_192810.jpg,0.02,0.04,0.012956079,0.003724943,0.264114049,0.035802956,3.114409336,-0.00496398,0.017905762,0.001461034,0.041290467,0.286107641
248,captured_image_20250403_192814.jpg,0.02,0.04,0.012958739,0.003728639,0.264122582,0.0349461,3.113463302,-0.003443781,0.017908422,0.00146473,0.041299,0.286487932
,,,,,,,,,,0.004949683,-0.002263909,-0.222823582,22.28900476
