name,dx,dy,t_x,t_y,t_z,r_x,r_y,r_z
captured_image_20250403_174935.jpg,-0.02,-0.04,-0.022512479,0.000165847,0.180579527,0.067762909,3.099151138,-0.024817507
captured_image_20250403_174939.jpg,-0.02,-0.04,-0.022506231,0.000166724,0.180570745,0.067655608,3.099368897,-0.026317772
captured_image_20250403_174942.jpg,-0.02,-0.04,-0.022510648,0.000161928,0.180566365,0.067713955,3.10012143,-0.025988656
captured_image_20250403_174946.jpg,-0.02,-0.04,-0.02251468,0.000166625,0.180604773,0.067614799,3.099323656,-0.025723607
captured_image_20250403_174949.jpg,-0.02,-0.04,-0.022512828,0.000163784,0.180605758,0.067605134,3.099041053,-0.025054646
captured_image_20250403_174953.jpg,-0.02,-0.04,-0.022513716,0.000161815,0.180591717,0.067628047,3.099308284,-0.025685321
captured_image_20250403_174955.jpg,-0.02,-0.04,-0.022519123,0.000163971,0.18060148,0.067697222,3.099305614,-0.025390821
captured_image_20250403_175000.jpg,-0.02,-0.04,-0.022516708,0.000166993,0.180593015,0.067903764,3.099577359,-0.025398468
captured_image_20250403_175002.jpg,-0.02,-0.04,-0.022519987,0.000167817,0.18060988,0.067666798,3.099359126,-0.025724589
captured_image_20250403_175006.jpg,-0.02,-0.04,-0.022516734,0.000163329,0.180595342,0.067767476,3.098446363,-0.025492346
captured_image_20250403_175011.jpg,-0.02,-0.02,-0.023534167,0.000956296,0.200434861,0.067040538,3.102170552,-0.025149028
captured_image_20250403_175015.jpg,-0.02,-0.02,-0.023536215,0.000958541,0.200444467,0.067004794,3.102458447,-0.026450628
captured_image_20250403_175018.jpg,-0.02,-0.02,-0.023534941,0.000962915,0.200426958,0.067582368,3.101626821,-0.027196065
captured_image_20250403_175022.jpg,-0.02,-0.02,-0.023531336,0.0009582,0.200413993,0.067131256,3.103170342,-0.026176362
captured_image_20250403_175025.jpg,-0.02,-0.02,-0.023535144,0.000960509,0.200426207,0.066830604,3.103252573,-0.026502118
captured_image_20250403_175029.jpg,-0.02,-0.02,-0.023533528,0.000961898,0.200393969,0.066893997,3.102891607,-0.02587117
captured_image_20250403_175031.jpg,-0.02,-0.02,-0.023541431,0.000963356,0.200462013,0.06687619,3.103030308,-0.027303267
captured_image_20250403_175036.jpg,-0.02,-0.02,-0.023538806,0.000962587,0.200443485,0.067080006,3.102844972,-0.026524483
captured_image_20250403_175038.jpg,-0.02,-0.02,-0.023541595,0.000962409,0.200453885,0.067022941,3.102827839,-0.027172185
captured_image_20250403_175043.jpg,-0.02,-0.02,-0.023536344,0.000955904,0.20045276,0.067189163,3.101703757,-0.027267665
captured_image_20250403_175047.jpg,-0.02,0,-0.024578743,0.001730387,0.220261298,0.067280489,3.098506037,-0.017640301
captured_image_20250403_175053.jpg,-0.02,0,-0.024573264,0.001739044,0.220253078,0.067278144,3.099565391,-0.016882747
captured_image_20250403_175057.jpg,-0.02,0,-0.024579779,0.001740917,0.220260227,0.066778224,3.09889713,-0.016918376
captured_image_20250403_175100.jpg,-0.02,0,-0.02458128,0.001743603,0.220286928,0.066729042,3.098762437,-0.017130815
captured_image_20250403_175104.jpg,-0.02,0,-0.024580844,0.001739852,0.22027854,0.066820436,3.098144965,-0.017440541
captured_image_20250403_175107.jpg,-0.02,0,-0.024574078,0.001740269,0.220227752,0.067057481,3.098247553,-0.017103621
captured_image_20250403_175111.jpg,-0.02,0,-0.024566976,0.00173755,0.220213194,0.067081879,3.099457424,-0.015441228
captured_image_20250403_175114.jpg,-0.02,0,-0.024572953,0.001743311,0.22025876,0.067032721,3.098314201,-0.01787439
captured_image_20250403_175118.jpg,-0.02,0,-0.024574189,0.001745416,0.220252384,0.067157846,3.09921819,-0.01619686
captured_image_20250403_175122.jpg,-0.02,0.02,-0.025608334,0.002598434,0.240669765,0.067811691,3.106087771,-0.017286664
captured_image_20250403_175126.jpg,-0.02,0.02,-0.025595773,0.002599783,0.240598103,0.067175349,3.106629624,-0.018996409
captured_image_20250403_175129.jpg,-0.02,0.02,-0.025595255,0.002609101,0.240639611,0.068130128,3.108072549,-0.023168266
captured_image_20250403_175133.jpg,-0.02,0.02,-0.025592674,0.002601475,0.240594309,0.067663567,3.108014046,-0.019847552
captured_image_20250403_175136.jpg,-0.02,0.02,-0.025594575,0.002603959,0.240596178,0.06731384,3.107833761,-0.021097294
captured_image_20250403_175140.jpg,-0.02,0.02,-0.025598638,0.002611004,0.240646773,0.067555893,3.10771149,-0.02230581
captured_image_20250403_175143.jpg,-0.02,0.02,-0.025593318,0.002607521,0.240587513,0.067079072,3.107776493,-0.02054245
captured_image_20250403_175147.jpg,-0.02,0.02,-0.025600772,0.002611536,0.240630469,0.068258165,3.10744749,-0.025526479
captured_image_20250403_175150.jpg,-0.02,0.02,-0.025593893,0.002610258,0.240608081,0.068035216,3.107026948,-0.022574572
captured_image_20250403_175154.jpg,-0.02,0.02,-0.025595879,0.002604203,0.240599905,0.068052641,3.106609336,-0.019880568
captured_image_20250403_175158.jpg,-0.02,0.04,-0.02661447,0.003423497,0.260395219,0.06773954,3.105353026,-0.01759197
captured_image_20250403_175202.jpg,-0.02,0.04,-0.026616851,0.003429107,0.260390713,0.067974666,3.104700389,-0.021838977
captured_image_20250403_175205.jpg,-0.02,0.04,-0.026618911,0.003433488,0.26037981,0.067604653,3.105951931,-0.018405006
captured_image_20250403_175209.jpg,-0.02,0.04,-0.026616679,0.003434936,0.260376375,0.067421031,3.104957601,-0.019320869
captured_image_20250403_175212.jpg,-0.02,0.04,-0.026613851,0.003428075,0.260363314,0.067706129,3.105807396,-0.016849202
captured_image_20250403_175216.jpg,-0.02,0.04,-0.026610242,0.003433481,0.260373517,0.068063532,3.104162561,-0.019831664
captured_image_20250403_175219.jpg,-0.02,0.04,-0.02660824,0.003440378,0.260369738,0.067880877,3.105436253,-0.020426144
captured_image_20250403_175223.jpg,-0.02,0.04,-0.026615667,0.003437635,0.260373262,0.067905224,3.10602872,-0.018689213
captured_image_20250403_175226.jpg,-0.02,0.04,-0.026619779,0.003440752,0.26039944,0.067367501,3.104780334,-0.023305754
captured_image_20250403_175230.jpg,-0.02,0.04,-0.026619297,0.003434595,0.260384312,0.067592125,3.104563608,-0.020614332
captured_image_20250403_175234.jpg,-0.01,-0.04,-0.012531448,8.97E-05,0.181246578,0.067153994,3.105697154,-0.018308147
captured_image_20250403_175239.jpg,-0.01,-0.04,-0.012530511,8.15E-05,0.181252366,0.066837025,3.104913457,-0.018210017
captured_image_20250403_175241.jpg,-0.01,-0.04,-0.012532025,7.17E-05,0.181278741,0.067005783,3.105316505,-0.017095836
captured_image_20250403_175245.jpg,-0.01,-0.04,-0.012537375,7.87E-05,0.18127859,0.066798114,3.105693303,-0.017956818
captured_image_20250403_175248.jpg,-0.01,-0.04,-0.012536158,7.89E-05,0.181267973,0.066823979,3.106258947,-0.018467151
captured_image_20250403_175252.jpg,-0.01,-0.04,-0.012533896,7.47E-05,0.181270838,0.067015772,3.105499303,-0.018056138
captured_image_20250403_175255.jpg,-0.01,-0.04,-0.012530689,7.48E-05,0.18125091,0.067146659,3.105391603,-0.018295279
captured_image_20250403_175259.jpg,-0.01,-0.04,-0.012537179,7.47E-05,0.181277186,0.066939101,3.104202398,-0.017620876
captured_image_20250403_175302.jpg,-0.01,-0.04,-0.012538275,7.68E-05,0.181281245,0.066769662,3.105429216,-0.018495647
captured_image_20250403_175306.jpg,-0.01,-0.04,-0.012535668,7.70E-05,0.181265589,0.066973837,3.105531228,-0.016756975
captured_image_20250403_175310.jpg,-0.01,-0.02,-0.013560757,0.000917168,0.201056481,0.066544907,3.104003626,-0.01494167
captured_image_20250403_175314.jpg,-0.01,-0.02,-0.013550226,0.000918939,0.201034008,0.066133124,3.104798963,-0.014962208
captured_image_20250403_175317.jpg,-0.01,-0.02,-0.013550222,0.000923043,0.201063114,0.066358256,3.105837612,-0.015521838
captured_image_20250403_175321.jpg,-0.01,-0.02,-0.013556432,0.000921688,0.201048437,0.066286959,3.104788918,-0.014485203
captured_image_20250403_175324.jpg,-0.01,-0.02,-0.013558697,0.000924761,0.201075447,0.066478913,3.105302199,-0.01667751
captured_image_20250403_175328.jpg,-0.01,-0.02,-0.013552519,0.000923171,0.201057448,0.066572238,3.104320368,-0.015879927
captured_image_20250403_175331.jpg,-0.01,-0.02,-0.013550409,0.000920727,0.20100912,0.066350625,3.104942851,-0.014349724
captured_image_20250403_175335.jpg,-0.01,-0.02,-0.013554403,0.000920827,0.201053717,0.066159131,3.104777573,-0.014834757
captured_image_20250403_175338.jpg,-0.01,-0.02,-0.013555109,0.000922118,0.20105276,0.066192664,3.104632182,-0.015330457
captured_image_20250403_175342.jpg,-0.01,-0.02,-0.013552025,0.000922995,0.201048258,0.066513388,3.105645529,-0.015822635
captured_image_20250403_175346.jpg,-0.01,0,-0.014605047,0.001691565,0.220937546,0.066617334,3.105525025,-0.018253119
captured_image_20250403_175350.jpg,-0.01,0,-0.014596471,0.001701415,0.220876583,0.066432506,3.106638346,-0.019553325
captured_image_20250403_175353.jpg,-0.01,0,-0.014600534,0.001701067,0.220915481,0.066211591,3.104771587,-0.018825494
captured_image_20250403_175357.jpg,-0.01,0,-0.014598408,0.001702615,0.220926433,0.066592458,3.104789635,-0.021121158
captured_image_20250403_175400.jpg,-0.01,0,-0.014592676,0.001699447,0.220888603,0.066041974,3.106531151,-0.018605928
captured_image_20250403_175404.jpg,-0.01,0,-0.01459526,0.001699839,0.220896332,0.065998933,3.107742129,-0.016968871
captured_image_20250403_175407.jpg,-0.01,0,-0.014599149,0.001707775,0.220867328,0.066728166,3.10640887,-0.019691313
captured_image_20250403_175411.jpg,-0.01,0,-0.014599147,0.001705341,0.220888193,0.066126336,3.106667916,-0.017729024
captured_image_20250403_175414.jpg,-0.01,0,-0.014602996,0.001698847,0.220887598,0.066328267,3.106167094,-0.017703649
captured_image_20250403_175418.jpg,-0.01,0,-0.014601823,0.001700198,0.220889736,0.066367311,3.106026612,-0.017984031
captured_image_20250403_175422.jpg,-0.01,0.02,-0.01566446,0.00256164,0.240726996,0.066219764,3.105963863,-0.014992089
captured_image_20250403_175426.jpg,-0.01,0.02,-0.015657965,0.002562338,0.240689953,0.066293371,3.106473461,-0.014637297
captured_image_20250403_175429.jpg,-0.01,0.02,-0.015657771,0.002571522,0.240706058,0.065976725,3.105943065,-0.016335975
captured_image_20250403_175433.jpg,-0.01,0.02,-0.015662367,0.002568088,0.240717832,0.066432928,3.106194639,-0.012305365
captured_image_20250403_175436.jpg,-0.01,0.02,-0.015660846,0.002572161,0.240718192,0.066230085,3.106718872,-0.014337038
captured_image_20250403_175440.jpg,-0.01,0.02,-0.015663998,0.002565614,0.240707068,0.06611013,3.104939316,-0.014358408
captured_image_20250403_175443.jpg,-0.01,0.02,-0.015668657,0.002566415,0.2407348,0.06651248,3.10512963,-0.012561151
captured_image_20250403_175447.jpg,-0.01,0.02,-0.015668096,0.002571868,0.240745231,0.066142981,3.106204371,-0.015743417
captured_image_20250403_175450.jpg,-0.01,0.02,-0.015659092,0.002566756,0.240688503,0.065928046,3.105457682,-0.012905466
captured_image_20250403_175454.jpg,-0.01,0.02,-0.015662384,0.002572067,0.240639345,0.066381518,3.105557186,-0.015365796
captured_image_20250403_175458.jpg,-0.01,0.04,-0.016691899,0.003293479,0.260514898,0.066937356,3.105205307,-0.011284016
captured_image_20250403_175502.jpg,-0.01,0.04,-0.016697181,0.003294137,0.260465801,0.066901955,3.105092784,-0.010739107
captured_image_20250403_175505.jpg,-0.01,0.04,-0.016686167,0.003298338,0.260506288,0.066715155,3.107179793,-0.011576545
captured_image_20250403_175509.jpg,-0.01,0.04,-0.01668749,0.003296924,0.260499589,0.067409988,3.106318405,-0.009039345
captured_image_20250403_175512.jpg,-0.01,0.04,-0.016689274,0.003302963,0.260503055,0.067212017,3.106293175,-0.0127672
captured_image_20250403_175516.jpg,-0.01,0.04,-0.016689655,0.003303072,0.26050212,0.066346999,3.106061012,-0.009946604
captured_image_20250403_175519.jpg,-0.01,0.04,-0.016686028,0.003305038,0.260488314,0.06672452,3.106624487,-0.013628745
captured_image_20250403_175523.jpg,-0.01,0.04,-0.01668109,0.0033028,0.260505799,0.067055791,3.106218129,-0.014082469
captured_image_20250403_175526.jpg,-0.01,0.04,-0.01669196,0.003305508,0.260502561,0.066710412,3.106499389,-0.012605398
captured_image_20250403_175530.jpg,-0.01,0.04,-0.016698562,0.003306695,0.260497592,0.066696998,3.105978619,-0.008711161
captured_image_20250403_175535.jpg,0,-0.04,-0.002552038,3.92E-05,0.182061567,0.067491843,3.112140014,-0.01492117
captured_image_20250403_175539.jpg,0,-0.04,-0.002549016,3.42E-05,0.182078391,0.067480622,3.112406218,-0.014672319
captured_image_20250403_175542.jpg,0,-0.04,-0.002555916,2.35E-05,0.182067807,0.067356827,3.112734232,-0.013678653
captured_image_20250403_175546.jpg,0,-0.04,-0.002554062,2.90E-05,0.182068822,0.067291176,3.112646749,-0.013888054
captured_image_20250403_175548.jpg,0,-0.04,-0.002554352,2.66E-05,0.182058633,0.067452004,3.111686423,-0.01556084
captured_image_20250403_175553.jpg,0,-0.04,-0.00255295,2.68E-05,0.182047479,0.06734677,3.112579446,-0.015040303
captured_image_20250403_175555.jpg,0,-0.04,-0.00255584,2.65E-05,0.182069773,0.067249964,3.112658498,-0.014052294
captured_image_20250403_175600.jpg,0,-0.04,-0.002559171,2.87E-05,0.182049054,0.067419314,3.111430588,-0.015027465
captured_image_20250403_175602.jpg,0,-0.04,-0.00255248,2.34E-05,0.182058007,0.067330818,3.112931199,-0.01414946
captured_image_20250403_175607.jpg,0,-0.04,-0.002555082,2.42E-05,0.182061753,0.067265193,3.112219191,-0.014529219
captured_image_20250403_175611.jpg,0,-0.02,-0.00359495,0.000820392,0.201847008,0.066531168,3.111691427,-0.015785884
captured_image_20250403_175615.jpg,0,-0.02,-0.00358984,0.000818966,0.201875915,0.06680875,3.112600591,-0.015628198
captured_image_20250403_175618.jpg,0,-0.02,-0.003587033,0.000822756,0.201834077,0.066859429,3.11310857,-0.016106806
captured_image_20250403_175622.jpg,0,-0.02,-0.003588795,0.000825206,0.201869082,0.067048253,3.112078732,-0.017648336
captured_image_20250403_175625.jpg,0,-0.02,-0.00358461,0.000825097,0.201828761,0.067114869,3.113046519,-0.016212413
captured_image_20250403_175629.jpg,0,-0.02,-0.003590044,0.000824207,0.201819761,0.06658398,3.112498812,-0.016188811
captured_image_20250403_175631.jpg,0,-0.02,-0.003588774,0.000827736,0.201804235,0.066715743,3.112314061,-0.016477782
captured_image_20250403_175636.jpg,0,-0.02,-0.003591612,0.000826514,0.201827292,0.066595878,3.113458008,-0.017252525
captured_image_20250403_175638.jpg,0,-0.02,-0.003591863,0.000822919,0.201821643,0.066834673,3.111986929,-0.015041517
captured_image_20250403_175642.jpg,0,-0.02,-0.003592555,0.000825824,0.201843753,0.06680697,3.111245778,-0.015793716
captured_image_20250403_175647.jpg,0,0,-0.004652734,0.001689086,0.22169636,0.066182389,3.112791237,-0.01453264
captured_image_20250403_175651.jpg,0,0,-0.004654877,0.001691394,0.221670789,0.066665127,3.113103499,-0.016779321
captured_image_20250403_175654.jpg,0,0,-0.004650735,0.00169554,0.221651735,0.06625358,3.113109436,-0.016693953
captured_image_20250403_175658.jpg,0,0,-0.004651807,0.001699069,0.221664249,0.066553636,3.112924593,-0.019010228
captured_image_20250403_175701.jpg,0,0,-0.004647557,0.001701059,0.221687873,0.06628262,3.112027405,-0.018993616
captured_image_20250403_175705.jpg,0,0,-0.004650131,0.001698917,0.221703222,0.06578776,3.112150805,-0.016050928
captured_image_20250403_175707.jpg,0,0,-0.004654681,0.001698558,0.221697152,0.066792788,3.112661842,-0.015769403
captured_image_20250403_175712.jpg,0,0,-0.004654505,0.001699956,0.221653751,0.066616154,3.111295413,-0.014257224
captured_image_20250403_175714.jpg,0,0,-0.004653917,0.001695139,0.221648225,0.066281023,3.111735902,-0.015367748
captured_image_20250403_175719.jpg,0,0,-0.004653573,0.001695382,0.221651832,0.066448285,3.111980394,-0.015914894
captured_image_20250403_175723.jpg,0,0.02,-0.005674381,0.002464854,0.241514584,0.066320829,3.110687869,-0.012934883
captured_image_20250403_175727.jpg,0,0.02,-0.005674805,0.002470385,0.241533789,0.066638895,3.113212438,-0.016141431
captured_image_20250403_175730.jpg,0,0.02,-0.005675909,0.002472938,0.241514767,0.06632832,3.112521931,-0.015344224
captured_image_20250403_175734.jpg,0,0.02,-0.005673619,0.002467709,0.241543542,0.066760048,3.111723835,-0.013398125
captured_image_20250403_175736.jpg,0,0.02,-0.005675243,0.002470974,0.241505037,0.066671379,3.1108875,-0.015234983
captured_image_20250403_175741.jpg,0,0.02,-0.005674466,0.002473468,0.241488037,0.066805008,3.110932627,-0.017533664
captured_image_20250403_175743.jpg,0,0.02,-0.005677541,0.002474571,0.241497489,0.066738276,3.111067778,-0.016669804
captured_image_20250403_175747.jpg,0,0.02,-0.005676105,0.002471098,0.24150641,0.066556183,3.111481949,-0.016534322
captured_image_20250403_175750.jpg,0,0.02,-0.005670944,0.002470757,0.241497231,0.066788921,3.111894525,-0.015593185
captured_image_20250403_175754.jpg,0,0.02,-0.00567158,0.002477024,0.241483219,0.066464729,3.111634671,-0.017167714
captured_image_20250403_175758.jpg,0,0.04,-0.006748664,0.003258761,0.26134741,0.066790351,3.112377742,-0.014686067
captured_image_20250403_175803.jpg,0,0.04,-0.006749805,0.003264594,0.261392885,0.06691122,3.112057236,-0.015412813
captured_image_20250403_175805.jpg,0,0.04,-0.006746564,0.003260901,0.261347585,0.066552862,3.111380642,-0.014623826
captured_image_20250403_175809.jpg,0,0.04,-0.006749349,0.003260075,0.261331417,0.066583747,3.110833201,-0.012772005
captured_image_20250403_175812.jpg,0,0.04,-0.0067489,0.003262249,0.26137159,0.066761615,3.11118023,-0.011565746
captured_image_20250403_175816.jpg,0,0.04,-0.006746303,0.003262638,0.261329206,0.066736765,3.110778682,-0.013132559
captured_image_20250403_175819.jpg,0,0.04,-0.006742848,0.00326781,0.261370403,0.067080302,3.112661064,-0.015982653
captured_image_20250403_175823.jpg,0,0.04,-0.006740666,0.00326291,0.261448233,0.066934853,3.112063009,-0.015166386
captured_image_20250403_175826.jpg,0,0.04,-0.006747084,0.003263487,0.261339457,0.067073872,3.111116379,-0.014345473
captured_image_20250403_175830.jpg,0,0.04,-0.006744842,0.003271151,0.261367402,0.066564143,3.11245726,-0.016413359
captured_image_20250403_175835.jpg,0.01,-0.04,0.007479842,1.59E-05,0.182375906,0.067398947,3.117850305,-0.013512849
captured_image_20250403_175839.jpg,0.01,-0.04,0.007479936,1.32E-05,0.18236431,0.067022643,3.118400988,-0.013694737
captured_image_20250403_175842.jpg,0.01,-0.04,0.007475051,8.85E-06,0.182386144,0.0673896,3.118874155,-0.01480973
captured_image_20250403_175846.jpg,0.01,-0.04,0.007474862,3.74E-06,0.182374019,0.067318629,3.117994502,-0.014408311
captured_image_20250403_175849.jpg,0.01,-0.04,0.007477073,4.82E-06,0.182383437,0.067268903,3.119306317,-0.01300359
captured_image_20250403_175853.jpg,0.01,-0.04,0.007479578,4.72E-06,0.182367135,0.067455148,3.119043241,-0.014715499
captured_image_20250403_175856.jpg,0.01,-0.04,0.00748034,6.47E-06,0.182385334,0.067446825,3.118939465,-0.015523627
captured_image_20250403_175900.jpg,0.01,-0.04,0.007481839,7.86E-06,0.182382814,0.067471956,3.118989795,-0.013908434
captured_image_20250403_175902.jpg,0.01,-0.04,0.007481483,8.10E-07,0.182367854,0.067337292,3.118534095,-0.013558875
captured_image_20250403_175907.jpg,0.01,-0.04,0.00748028,2.15E-06,0.182367745,0.067313128,3.118215181,-0.014861606
captured_image_20250403_175911.jpg,0.01,-0.02,0.006391733,0.000787749,0.20227233,0.067109669,3.117748648,-0.015240206
captured_image_20250403_175915.jpg,0.01,-0.02,0.006391932,0.000791205,0.202259897,0.066913658,3.118575798,-0.01515613
captured_image_20250403_175918.jpg,0.01,-0.02,0.006395157,0.000795776,0.202278855,0.066738576,3.118695626,-0.014511726
captured_image_20250403_175922.jpg,0.01,-0.02,0.006390464,0.000793988,0.202246966,0.067163404,3.117498916,-0.014127475
captured_image_20250403_175925.jpg,0.01,-0.02,0.006392652,0.000794768,0.202273244,0.066741824,3.118132484,-0.01505609
captured_image_20250403_175929.jpg,0.01,-0.02,0.00639581,0.000791301,0.202295573,0.066680969,3.11723015,-0.017128618
captured_image_20250403_175931.jpg,0.01,-0.02,0.006388154,0.000792316,0.202262946,0.066826569,3.11880417,-0.012961484
captured_image_20250403_175936.jpg,0.01,-0.02,0.006393812,0.000797034,0.202301465,0.066834842,3.118714628,-0.015882501
captured_image_20250403_175938.jpg,0.01,-0.02,0.006391866,0.000794337,0.202310654,0.067228079,3.119153645,-0.013546721
captured_image_20250403_175943.jpg,0.01,-0.02,0.006393935,0.000797475,0.202279383,0.066683266,3.1172272,-0.016036709
captured_image_20250403_175947.jpg,0.01,0,0.005315918,0.001675814,0.222256725,0.06670546,3.10883994,-0.01424086
captured_image_20250403_175951.jpg,0.01,0,0.005318504,0.001682845,0.222250461,0.066143309,3.108720135,-0.015120091
captured_image_20250403_175954.jpg,0.01,0,0.005320495,0.001681918,0.222240586,0.066681231,3.109032664,-0.014357124
captured_image_20250403_175958.jpg,0.01,0,0.005315488,0.001680036,0.222219338,0.066470453,3.107884515,-0.015085963
captured_image_20250403_180001.jpg,0.01,0,0.005323517,0.001681658,0.222275382,0.066273301,3.109076973,-0.014753575
captured_image_20250403_180005.jpg,0.01,0,0.005319922,0.00168457,0.222283313,0.066819346,3.108612758,-0.017613807
captured_image_20250403_180008.jpg,0.01,0,0.005310181,0.001681996,0.222292705,0.06644303,3.107781364,-0.015216622
captured_image_20250403_180012.jpg,0.01,0,0.005313632,0.001682087,0.222238352,0.066153507,3.107303444,-0.01517012
captured_image_20250403_180014.jpg,0.01,0,0.005317869,0.001677793,0.222270465,0.066815839,3.107917582,-0.013622903
captured_image_20250403_180019.jpg,0.01,0,0.005317062,0.001682698,0.22224894,0.066444649,3.108375841,-0.016887604
captured_image_20250403_180023.jpg,0.01,0.02,0.004236083,0.002393439,0.242161416,0.066410209,3.10846024,-0.018103116
captured_image_20250403_180027.jpg,0.01,0.02,0.004240066,0.002393695,0.242069262,0.066329744,3.106918085,-0.017041834
captured_image_20250403_180030.jpg,0.01,0.02,0.004233924,0.002398686,0.242126313,0.066402396,3.108719807,-0.01623129
captured_image_20250403_180034.jpg,0.01,0.02,0.004240555,0.002397483,0.242086141,0.066208656,3.107981593,-0.019036251
captured_image_20250403_180037.jpg,0.01,0.02,0.004242059,0.002395072,0.242141064,0.066104717,3.108248632,-0.016550496
captured_image_20250403_180041.jpg,0.01,0.02,0.004242832,0.002405127,0.242094883,0.065863708,3.108848479,-0.021799607
captured_image_20250403_180044.jpg,0.01,0.02,0.004240524,0.002400689,0.242092994,0.066256375,3.108969929,-0.016727097
captured_image_20250403_180048.jpg,0.01,0.02,0.004242075,0.002402765,0.242106506,0.066026184,3.108452972,-0.019120344
captured_image_20250403_180050.jpg,0.01,0.02,0.004240972,0.002397257,0.24213808,0.066589748,3.107692907,-0.016908054
captured_image_20250403_180054.jpg,0.01,0.02,0.004238213,0.002399471,0.242111994,0.06608125,3.106850257,-0.017364405
captured_image_20250403_180058.jpg,0.01,0.04,0.003183715,0.003206629,0.261878533,0.065822424,3.108191931,-0.016064017
captured_image_20250403_180103.jpg,0.01,0.04,0.003187844,0.0032184,0.261962764,0.065514822,3.108931053,-0.019125433
captured_image_20250403_180105.jpg,0.01,0.04,0.003196943,0.00321097,0.261931477,0.066220273,3.109444053,-0.016430509
captured_image_20250403_180110.jpg,0.01,0.04,0.003177891,0.003211222,0.261898592,0.066136063,3.106764506,-0.01356429
captured_image_20250403_180112.jpg,0.01,0.04,0.003187153,0.003214702,0.261860386,0.066413079,3.106405135,-0.014407819
captured_image_20250403_180117.jpg,0.01,0.04,0.003190106,0.003215824,0.261908559,0.065672605,3.107700569,-0.013846882
captured_image_20250403_180119.jpg,0.01,0.04,0.003189672,0.003214102,0.261907801,0.066132319,3.108493242,-0.014969781
captured_image_20250403_180124.jpg,0.01,0.04,0.003187687,0.003218091,0.261953732,0.066400522,3.108350343,-0.014592141
captured_image_20250403_180126.jpg,0.01,0.04,0.003188097,0.003213812,0.261905191,0.065942056,3.106917058,-0.014554698
captured_image_20250403_180130.jpg,0.01,0.04,0.00318367,0.003207369,0.261899633,0.066347247,3.107312656,-0.011522577
captured_image_20250403_180135.jpg,0.02,-0.04,0.017428936,-7.64E-05,0.182841766,0.068318636,3.117870863,-0.006243766
captured_image_20250403_180139.jpg,0.02,-0.04,0.017426748,-7.85E-05,0.182859243,0.067898444,3.118187194,-0.005572304
captured_image_20250403_180142.jpg,0.02,-0.04,0.017422606,-8.57E-05,0.182846397,0.068084112,3.117381542,-0.006463566
captured_image_20250403_180146.jpg,0.02,-0.04,0.017426465,-8.29E-05,0.182853153,0.067884104,3.117974508,-0.006556046
captured_image_20250403_180149.jpg,0.02,-0.04,0.017422949,-8.37E-05,0.182856276,0.067740796,3.118498255,-0.006352662
captured_image_20250403_180153.jpg,0.02,-0.04,0.017422989,-8.37E-05,0.182858708,0.068052272,3.117492465,-0.006774221
captured_image_20250403_180156.jpg,0.02,-0.04,0.01742064,-8.54E-05,0.18283487,0.067902026,3.117818396,-0.006520051
captured_image_20250403_180200.jpg,0.02,-0.04,0.017429272,-8.80E-05,0.18287458,0.067861996,3.1190023,-0.006576344
captured_image_20250403_180203.jpg,0.02,-0.04,0.017424396,-8.27E-05,0.182856172,0.068040602,3.118163641,-0.007023427
captured_image_20250403_180207.jpg,0.02,-0.04,0.017423172,-8.28E-05,0.182859253,0.068102241,3.117651591,-0.006997121
captured_image_20250403_180211.jpg,0.02,-0.02,0.016325101,0.000772583,0.202830639,0.066115566,3.113502573,-0.013654692
captured_image_20250403_180215.jpg,0.02,-0.02,0.016323537,0.000771066,0.202855894,0.066547842,3.113403822,-0.012763035
captured_image_20250403_180218.jpg,0.02,-0.02,0.016331981,0.00077694,0.202883229,0.066164071,3.114438955,-0.014924308
captured_image_20250403_180222.jpg,0.02,-0.02,0.016326857,0.000773455,0.202855927,0.066185283,3.114779405,-0.012484019
captured_image_20250403_180225.jpg,0.02,-0.02,0.016324336,0.00077991,0.202831208,0.066274614,3.114016979,-0.014412744
captured_image_20250403_180229.jpg,0.02,-0.02,0.016329188,0.000775277,0.202855054,0.066426571,3.113768872,-0.01338174
captured_image_20250403_180232.jpg,0.02,-0.02,0.016328146,0.0007754,0.202866238,0.066335096,3.114830963,-0.012738318
captured_image_20250403_180236.jpg,0.02,-0.02,0.01632634,0.000779566,0.202861951,0.066149429,3.113749974,-0.014312442
captured_image_20250403_180239.jpg,0.02,-0.02,0.016329949,0.000781418,0.202850635,0.066061973,3.114113132,-0.01564479
captured_image_20250403_180243.jpg,0.02,-0.02,0.016331849,0.000778122,0.20287284,0.066370983,3.114100627,-0.015280946
captured_image_20250403_180247.jpg,0.02,0,0.015289372,0.001523221,0.222783881,0.065245772,3.115808696,-0.019662351
captured_image_20250403_180251.jpg,0.02,0,0.015287939,0.001528427,0.222775136,0.065364379,3.115480485,-0.018916558
captured_image_20250403_180254.jpg,0.02,0,0.015291338,0.001524427,0.222765447,0.065467458,3.114586732,-0.020957634
captured_image_20250403_180258.jpg,0.02,0,0.015293033,0.001525815,0.22275829,0.065446745,3.116081869,-0.019630554
captured_image_20250403_180301.jpg,0.02,0,0.015298208,0.001530727,0.222782086,0.065265348,3.116668851,-0.020206945
captured_image_20250403_180305.jpg,0.02,0,0.015293441,0.001531511,0.222765102,0.065815285,3.116213345,-0.021449222
captured_image_20250403_180308.jpg,0.02,0,0.015289767,0.001531532,0.222764035,0.065610532,3.116176094,-0.021055658
captured_image_20250403_180312.jpg,0.02,0,0.015286068,0.001528374,0.222757594,0.065835079,3.115466736,-0.018647493
captured_image_20250403_180315.jpg,0.02,0,0.015291178,0.001530854,0.222752769,0.065516494,3.116141331,-0.022055355
captured_image_20250403_180319.jpg,0.02,0,0.015289331,0.001528721,0.222802749,0.065626429,3.116964508,-0.020550642
captured_image_20250403_180323.jpg,0.02,0.02,0.014240755,0.002347615,0.242484127,0.066890727,3.116130303,-0.01241196
captured_image_20250403_180327.jpg,0.02,0.02,0.014245018,0.002353625,0.242502725,0.066088114,3.116731784,-0.014090756
captured_image_20250403_180330.jpg,0.02,0.02,0.014248896,0.002352501,0.242550787,0.066040949,3.117558708,-0.014575105
captured_image_20250403_180334.jpg,0.02,0.02,0.014240828,0.002349257,0.242482001,0.066521036,3.115524329,-0.013917767
captured_image_20250403_180337.jpg,0.02,0.02,0.014242453,0.002349806,0.242495746,0.066411797,3.116015568,-0.010623159
captured_image_20250403_180341.jpg,0.02,0.02,0.01424148,0.002352926,0.242511863,0.066479797,3.115178655,-0.014041498
captured_image_20250403_180344.jpg,0.02,0.02,0.014242781,0.00235639,0.242482701,0.066316082,3.116525704,-0.015114733
captured_image_20250403_180348.jpg,0.02,0.02,0.014240194,0.002351131,0.242442618,0.066098821,3.116321414,-0.013299315
captured_image_20250403_180351.jpg,0.02,0.02,0.014239689,0.002356919,0.242471698,0.066637029,3.116013811,-0.013797283
captured_image_20250403_180355.jpg,0.02,0.02,0.014243956,0.0023551,0.242492281,0.066110246,3.116164002,-0.014522889
captured_image_20250403_180359.jpg,0.02,0.04,0.013162604,0.003142303,0.262577067,0.068797398,3.107458137,-0.02267321
captured_image_20250403_180403.jpg,0.02,0.04,0.013158836,0.003144614,0.262564902,0.068749363,3.10778368,-0.022470272
captured_image_20250403_180406.jpg,0.02,0.04,0.013166419,0.003152835,0.262644851,0.068309237,3.109049376,-0.024471346
captured_image_20250403_180410.jpg,0.02,0.04,0.013164566,0.003152983,0.262704427,0.066705099,3.107709036,-0.015914035
captured_image_20250403_180413.jpg,0.02,0.04,0.013171804,0.003156229,0.26264567,0.067794747,3.108676232,-0.016535039
captured_image_20250403_180417.jpg,0.02,0.04,0.013165251,0.003149397,0.262605575,0.068467709,3.109331689,-0.022718379
captured_image_20250403_180420.jpg,0.02,0.04,0.013168656,0.003161163,0.262665094,0.067367054,3.109262912,-0.017138797
captured_image_20250403_180424.jpg,0.02,0.04,0.013166837,0.00315242,0.262590795,0.067959803,3.107569775,-0.023194269
captured_image_20250403_180426.jpg,0.02,0.04,0.01316377,0.003157688,0.262621805,0.068069932,3.107028237,-0.025737735
captured_image_20250403_180431.jpg,0.02,0.04,0.013183386,0.003155247,0.262609059,0.068203728,3.109489522,-0.02459319
