,name,theta_x,theta_y,t_x,t_y,t_z,r_x,r_y,r_z
0,captured_image_20250414_055242.jpg,-10,-10,-0.0010119243251352815,-0.0010531954644191692,0.21587611128724737,-0.04020526231526727,2.9541250861194515,0.24684262685650113
1,captured_image_20250414_055246.jpg,-10,-10,-0.0010126413250850733,-0.0010573339485849657,0.21588382203482762,-0.040135298604941104,2.9538474933951795,0.2487827747818037
2,captured_image_20250414_055249.jpg,-10,-10,-0.0010122614813453134,-0.0010493613048601577,0.2159105183308659,-0.04015387136905738,2.954249970163409,0.2479993428060967
3,captured_image_20250414_055253.jpg,-10,-10,-0.001013889297075703,-0.0010497126088503206,0.21585098903721256,-0.04004930232606207,2.9538415667367994,0.2489549110076796
4,captured_image_20250414_055256.jpg,-10,-10,-0.0010103040135815554,-0.001049565127650398,0.21580528030036014,-0.04007858118615957,2.9530691964326605,0.24792187724059286
5,captured_image_20250414_055300.jpg,-10,-10,-0.001010451046375616,-0.0010516575641641717,0.21586488480080526,-0.04023977426972069,2.9533073443873747,0.24771260829172334
6,captured_image_20250414_055303.jpg,-10,-10,-0.0010106887442528716,-0.0010466632502372196,0.21581842940631368,-0.03985696026056845,2.953158323393088,0.24700272824724057
7,captured_image_20250414_055307.jpg,-10,-10,-0.0010090353097546329,-0.0010492336685995094,0.21584993785440162,-0.040248866588875803,2.9538506444292034,0.24908172659747443
8,captured_image_20250414_055309.jpg,-10,-10,-0.0010077271327632185,-0.001052613677205264,0.2158489444284161,-0.04004811396901996,2.9534265763261383,0.2495675680533964
9,captured_image_20250414_055314.jpg,-10,-10,-0.0010115187227571535,-0.001051500596476144,0.21586730068689025,-0.040441891857690045,2.9535750585023486,0.2494933537188669
10,captured_image_20250414_055318.jpg,-10,-5,-0.0006355786536565882,-0.0010501262746754941,0.21594852667669218,-0.029058130283800505,3.0357702129589943,0.2584373894408587
11,captured_image_20250414_055322.jpg,-10,-5,-0.0006402327679677265,-0.0010435551799922278,0.21597519066430745,-0.02884083489665998,3.0363468898783794,0.25590755681690164
12,captured_image_20250414_055324.jpg,-10,-5,-0.0006376905948247163,-0.0010443186218090784,0.2159384457225606,-0.029110416360587827,3.0370199742134383,0.25656674097814913
13,captured_image_20250414_055328.jpg,-10,-5,-0.0006348198981153757,-0.0010493084463282405,0.21596446745785775,-0.02904988776868057,3.0378945770874584,0.2588555737155017
14,captured_image_20250414_055331.jpg,-10,-5,-0.0006370520664129252,-0.0010476898892728826,0.2159412395548871,-0.02862559059164142,3.037020357233154,0.25698848787487627
15,captured_image_20250414_055335.jpg,-10,-5,-0.0006345878261627356,-0.0010441861221349802,0.21594701413409048,-0.02891631258587146,3.037362989691523,0.25813570850471457
16,captured_image_20250414_055338.jpg,-10,-5,-0.0006382700107264372,-0.0010456747470013728,0.21593118014549337,-0.028960762140108922,3.036779436540847,0.2568456875542643
17,captured_image_20250414_055342.jpg,-10,-5,-0.0006352838252207956,-0.0010435472706316342,0.21594200928507581,-0.028785539822565914,3.0363840708699867,0.25673621129225266
18,captured_image_20250414_055345.jpg,-10,-5,-0.0006356552298989709,-0.0010457333658426664,0.21593430242163142,-0.02868803399599433,3.0364131830165664,0.2558443764755925
19,captured_image_20250414_055349.jpg,-10,-5,-0.0006373988434958237,-0.0010465881102100414,0.2159063964024146,-0.028730845892665814,3.0366719246059946,0.2579119708555535
20,captured_image_20250414_055353.jpg,-10,0,-0.000214843408476013,-0.0009969257852539897,0.21607949980259722,-0.016691202960062452,3.1211382379598076,0.26358412925714847
21,captured_image_20250414_055357.jpg,-10,0,-0.00021513635693167795,-0.0010041489412604227,0.216040587053349,-0.016669249438619808,3.1208264687917646,0.26541332372983134
22,captured_image_20250414_055400.jpg,-10,0,-0.0002173742831871856,-0.0010008876917470789,0.21611994094234763,-0.016761859487182104,3.121286367666284,0.26384400505892547
23,captured_image_20250414_055404.jpg,-10,0,-0.00022123196040209909,-0.0010054555401949813,0.21612952801650556,-0.01670188351940215,3.1208144104954565,0.26236931309291756
24,captured_image_20250414_055407.jpg,-10,0,-0.00022104735690757122,-0.0010053433167175384,0.2160547021183475,-0.017014833195977942,3.120112163217375,0.26396309171795146
25,captured_image_20250414_055411.jpg,-10,0,-0.00021987200817183888,-0.0010035314430276408,0.21599868588387047,-0.01687018080455751,3.1205332129723917,0.26475096375762663
26,captured_image_20250414_055414.jpg,-10,0,-0.00021683195177305,-0.0010056093979809919,0.21606269687823026,-0.016501850224198585,3.120255100333174,0.26432536126309497
27,captured_image_20250414_055418.jpg,-10,0,-0.00022015563959603814,-0.0009994903106738304,0.21607854145050392,-0.016786381563562196,3.121253665841517,0.26216054480169637
28,captured_image_20250414_055420.jpg,-10,0,-0.0002186957182196581,-0.0010051276769243937,0.21604493678117356,-0.016806702666960428,3.121386170396453,0.26432828762455574
29,captured_image_20250414_055424.jpg,-10,0,-0.000216787215188003,-0.0010035556056646607,0.21604406956363176,-0.016755127113633497,3.120028522579564,0.26525793281529664
30,captured_image_20250414_055428.jpg,-10,5,0.0001791866333665456,-0.0009840254523508464,0.21609653895055295,0.004070862562449798,-3.05620564232431,-0.26177422238593406
31,captured_image_20250414_055432.jpg,-10,5,0.00017904165605011284,-0.0009802842158754387,0.21607835226631064,0.003965397519246141,-3.0559564282695844,-0.2636744954762941
32,captured_image_20250414_055435.jpg,-10,5,0.00018019703158313492,-0.000976756440679503,0.21613326602546126,0.004174421257582444,-3.057022785927462,-0.26074646567510157
33,captured_image_20250414_055439.jpg,-10,5,0.00017933311371847265,-0.0009804067629740018,0.2161126482389343,0.0038232707749356427,-3.0567622533872,-0.26137497869445253
34,captured_image_20250414_055442.jpg,-10,5,0.00018023067084143695,-0.0009803572147506167,0.21611042639348962,0.004066931789795252,-3.056509702529733,-0.26117503366121764
35,captured_image_20250414_055446.jpg,-10,5,0.00017650254982739882,-0.0009821758280133277,0.2160919096689485,0.0036123663437577723,-3.056810867174075,-0.26169197391399074
36,captured_image_20250414_055449.jpg,-10,5,0.0001813480007637855,-0.0009785753512137317,0.21608937060997693,0.0036260442174100168,-3.055989453654903,-0.261360557313774
37,captured_image_20250414_055453.jpg,-10,5,0.00017774913061189993,-0.0009798131525480668,0.21607530452129586,0.004082538211273213,-3.056374608922374,-0.26247822079204614
38,captured_image_20250414_055456.jpg,-10,5,0.00018182939282071603,-0.0009804971471605202,0.2161290536963053,0.003916173961674575,-3.0559568430240165,-0.26156358624115095
39,captured_image_20250414_055500.jpg,-10,5,0.00017470469837843177,-0.0009846938729793705,0.21615340953885703,0.0038976069873390465,-3.0567065929499786,-0.26138203673385546
40,captured_image_20250414_055504.jpg,-10,10,0.0005805447907287164,-0.0009677927179579377,0.21615765937704204,-0.007976257091386964,-2.9723496178772977,-0.25482876908567254
41,captured_image_20250414_055508.jpg,-10,10,0.0005830113418047215,-0.0009687902725117762,0.2161970234898686,-0.008403432451162079,-2.9713127595682596,-0.25494324833924314
42,captured_image_20250414_055511.jpg,-10,10,0.0005804255237335145,-0.0009674457403686613,0.21619513805477145,-0.008214963508359189,-2.9724497723552283,-0.2545405602709075
43,captured_image_20250414_055515.jpg,-10,10,0.0005813673455378233,-0.0009641825675794798,0.216208320885686,-0.008403829603829915,-2.972517982311588,-0.25440698587717736
44,captured_image_20250414_055517.jpg,-10,10,0.0005847255420194616,-0.0009680477481688529,0.21617751098589202,-0.00840237730901553,-2.971814679275531,-0.2553349455766425
45,captured_image_20250414_055521.jpg,-10,10,0.0005826728607899334,-0.0009687445689090434,0.21618953227276216,-0.008109903573267237,-2.971728444731171,-0.2560944163313137
46,captured_image_20250414_055524.jpg,-10,10,0.0005873885661448703,-0.0009727085255183158,0.21617091589362827,-0.008283363443212517,-2.971620066756431,-0.2556797784996989
47,captured_image_20250414_055528.jpg,-10,10,0.0005788430199897555,-0.0009709798290603451,0.21622273232464037,-0.008074440003421158,-2.9725259727746667,-0.2546011608719884
48,captured_image_20250414_055531.jpg,-10,10,0.0005855179521963739,-0.0009672679979149487,0.21617488178204478,-0.008103044149266174,-2.971816596308691,-0.25566586838311023
49,captured_image_20250414_055535.jpg,-10,10,0.0005804751170222471,-0.0009706408211194678,0.21618755081740318,-0.007924296083079357,-2.971966237043602,-0.25633549978235187
50,captured_image_20250414_055539.jpg,-5,-10,-0.0010880561366255303,-0.0006556056126064368,0.21599036107467545,-0.028549699598686258,2.9641024138760383,0.11934052249542561
51,captured_image_20250414_055543.jpg,-5,-10,-0.0010828795846040003,-0.000644196547399017,0.21600109539731924,-0.028535171235649207,2.964402460194603,0.11889292444866169
52,captured_image_20250414_055546.jpg,-5,-10,-0.0010847649400485527,-0.0006479463729973103,0.2160382105639264,-0.02828785636769582,2.9647426896399565,0.11976202421395749
53,captured_image_20250414_055550.jpg,-5,-10,-0.001084901434825806,-0.0006490804896470666,0.21599175887902008,-0.0286573777663486,2.964343842661985,0.11919530287450325
54,captured_image_20250414_055553.jpg,-5,-10,-0.001085038859860577,-0.0006476090953815816,0.21602688691524533,-0.028698987345958948,2.9649779824277984,0.12010820218877645
55,captured_image_20250414_055557.jpg,-5,-10,-0.0010833733933391628,-0.0006485290035704232,0.2160193194898774,-0.028795307214858942,2.9647795226265945,0.11958679106637815
56,captured_image_20250414_055600.jpg,-5,-10,-0.0010857879795072149,-0.0006479419022189812,0.21600981615347,-0.028634926160269216,2.9641853781191543,0.1207266189797181
57,captured_image_20250414_055604.jpg,-5,-10,-0.0010862554722038942,-0.0006473388395169128,0.2160230883353347,-0.028542236450127836,2.9648240949228937,0.12037736042743685
58,captured_image_20250414_055607.jpg,-5,-10,-0.0010833792071589042,-0.0006533071294588738,0.2160225128999272,-0.028593530531722103,2.9641594153934587,0.11946078078515107
59,captured_image_20250414_055611.jpg,-5,-10,-0.0010832310894135634,-0.0006518378505520116,0.21602954558045462,-0.028846299570105472,2.964171804227209,0.12015006465343786
60,captured_image_20250414_055615.jpg,-5,-5,-0.0006786870257301814,-0.0006345298987494125,0.21598527841102894,-0.02252984031595277,3.048318345998832,0.12442517956164038
61,captured_image_20250414_055619.jpg,-5,-5,-0.0006832514412527581,-0.0006314711577981402,0.21603514710682598,-0.02269591392519268,3.0476107962948937,0.12269426446758383
62,captured_image_20250414_055622.jpg,-5,-5,-0.0006852629570826366,-0.0006338051761566383,0.21602771746998517,-0.022688923479159108,3.0469657583682346,0.12319258860511313
63,captured_image_20250414_055626.jpg,-5,-5,-0.0006847918310962286,-0.0006321487365610902,0.216011480323545,-0.02264573624226568,3.0465449540963845,0.12387013350563478
64,captured_image_20250414_055628.jpg,-5,-5,-0.0006815286477029576,-0.0006359836579750981,0.21603955958766524,-0.022851335898368085,3.0479624063759907,0.12498495219073644
65,captured_image_20250414_055633.jpg,-5,-5,-0.0006860247858123936,-0.0006282905371025409,0.21602039560863084,-0.022705499919227098,3.0477193047917464,0.12260132926595432
66,captured_image_20250414_055635.jpg,-5,-5,-0.000687854999379284,-0.0006290321785002522,0.21597504954455504,-0.0225031621726244,3.046586426286802,0.12230752478502933
67,captured_image_20250414_055639.jpg,-5,-5,-0.000681886333396119,-0.0006276758137481426,0.2159782066137303,-0.022408061214905038,3.0470957058353854,0.12232108852201161
68,captured_image_20250414_055642.jpg,-5,-5,-0.0006839380064043788,-0.0006294882038459119,0.2160091411884985,-0.022511611784600982,3.0483252401859815,0.12372903072028094
69,captured_image_20250414_055646.jpg,-5,-5,-0.0006825557667469423,-0.0006281617440325961,0.21598368991376118,-0.022525379788194962,3.047482012401726,0.12361846995280623
70,captured_image_20250414_055650.jpg,-5,0,-0.0002543040318465527,-0.0006063459382475939,0.21610646230539812,-0.01683575541406458,3.1311821228825254,0.12689944628659555
71,captured_image_20250414_055654.jpg,-5,0,-0.0002617099816709692,-0.0006132772905279614,0.21612574490099218,-0.01700143815807853,3.130084137742993,0.12739352618690689
72,captured_image_20250414_055657.jpg,-5,0,-0.00025917858122042947,-0.0006080017636604991,0.2160986140497218,-0.016270335326494623,3.13031655004796,0.1280040702882796
73,captured_image_20250414_055701.jpg,-5,0,-0.0002545484507052242,-0.0006098729108120581,0.21612038686594653,-0.016516468233741435,3.131974488554993,0.1281835033708814
74,captured_image_20250414_055704.jpg,-5,0,-0.0002538154325507788,-0.0006110992777579756,0.21608863125070493,-0.01668013601457512,3.1320578357759463,0.12734760706687256
75,captured_image_20250414_055708.jpg,-5,0,-0.0002572480701947209,-0.000612389067469626,0.21608359657554568,-0.016544851715538208,3.130514993031707,0.12864757602974186
76,captured_image_20250414_055711.jpg,-5,0,-0.0002537966186519675,-0.0006105069777841594,0.21610222808945154,-0.01644975455760627,3.1318366859710323,0.12760782630808068
77,captured_image_20250414_055715.jpg,-5,0,-0.0002539041831739773,-0.0006111210961083682,0.21609117514808418,-0.016476203876612694,3.132271723057807,0.12806236243082075
78,captured_image_20250414_055717.jpg,-5,0,-0.00025534124339481946,-0.0006102246398743403,0.21611977250613476,-0.016246783872058922,3.131597604481538,0.12742199076801242
79,captured_image_20250414_055722.jpg,-5,0,-0.0002570106871140655,-0.0006087929300440858,0.21612927656632855,-0.0166826913432884,3.1309732100813115,0.12789111518085647
80,captured_image_20250414_055726.jpg,-5,5,0.0001553537579931913,-0.0006018766474479748,0.21614460791536874,0.009150507005250776,-3.064361201678359,-0.12636765776932235
81,captured_image_20250414_055730.jpg,-5,5,0.00015738114116065492,-0.0006002746609901179,0.2161391544548152,0.009288477768172747,-3.0621982163748838,-0.1286171299560965
82,captured_image_20250414_055732.jpg,-5,5,0.00014715467011163798,-0.0005965513174856411,0.21615557377610214,0.00937286272090851,-3.0642279400579557,-0.12725978921856332
83,captured_image_20250414_055736.jpg,-5,5,0.00015161127909670507,-0.0005999701271437422,0.21617574576026666,0.009097435300568028,-3.064572594715474,-0.12834774874589813
84,captured_image_20250414_055739.jpg,-5,5,0.00015328778154535108,-0.0006008901930091222,0.21617389151513658,0.00881960865735223,-3.063739057433916,-0.12743523921223476
85,captured_image_20250414_055743.jpg,-5,5,0.00015188942065888925,-0.0006030942284140189,0.2161624013491224,0.009258862414912056,-3.0633251023745793,-0.12649885644767422
86,captured_image_20250414_055746.jpg,-5,5,0.0001521056405531333,-0.0006005502639541283,0.21616068599105814,0.009074753819768787,-3.063876694575137,-0.1281495499975497
87,captured_image_20250414_055750.jpg,-5,5,0.0001526818518944344,-0.0006031184671717492,0.2161398283857706,0.009307498214400462,-3.063558205114135,-0.12766804349539562
88,captured_image_20250414_055753.jpg,-5,5,0.00015081317188939458,-0.0006009620397073034,0.2161438986345656,0.009087559501103971,-3.0646716869157853,-0.12714229937191218
89,captured_image_20250414_055757.jpg,-5,5,0.0001474473304720802,-0.0005990884459487248,0.2161519986975042,0.009074013482449872,-3.0647873494046385,-0.12951076960488112
90,captured_image_20250414_055801.jpg,-5,10,0.0005571940858379426,-0.0005695799124568083,0.216331364170844,0.00278004565188774,-2.979534267677015,-0.12233717734034077
91,captured_image_20250414_055805.jpg,-5,10,0.0005595779433947997,-0.0005765742629584507,0.21626082247977033,0.002664580428654057,-2.977925170159942,-0.12467811349190475
92,captured_image_20250414_055808.jpg,-5,10,0.0005615515332871755,-0.0005747707090748741,0.21629007641686068,0.0022320542484820078,-2.9788309431197297,-0.12471329776337975
93,captured_image_20250414_055812.jpg,-5,10,0.0005579138126256057,-0.000572242573564255,0.2163188889971435,0.0025921878934858323,-2.9805788425294972,-0.12267758844600248
94,captured_image_20250414_055815.jpg,-5,10,0.0005506477868777304,-0.0005758675148183992,0.21631912688328436,0.0030574036627199048,-2.980789217514207,-0.1250102944984711
95,captured_image_20250414_055819.jpg,-5,10,0.0005561647160152744,-0.0005731651555515932,0.21630730424425798,0.00255356779758786,-2.9789699082582293,-0.12421980819546642
96,captured_image_20250414_055822.jpg,-5,10,0.0005565974401592105,-0.0005685411374759983,0.2163510544633901,0.002776639813146473,-2.979506138890894,-0.12114802374407954
97,captured_image_20250414_055826.jpg,-5,10,0.0005600581731419774,-0.0005709985508022574,0.21634053684834445,0.002410309425716289,-2.9796224764846095,-0.12299261320211977
98,captured_image_20250414_055829.jpg,-5,10,0.00055659468409281,-0.0005769345092185998,0.21628070007770228,0.0025713494333751592,-2.9792758768700414,-0.12463587047979789
99,captured_image_20250414_055833.jpg,-5,10,0.0005583786386397187,-0.0005756271807448214,0.21631741669631893,0.003009910922047437,-2.979016269797207,-0.12462241172105412
100,captured_image_20250414_055837.jpg,0,-10,-0.0011255518758191312,-0.00023212614702673842,0.21606181923593185,-0.017158681824010875,2.9685471526009426,-0.010363287544028708
101,captured_image_20250414_055841.jpg,0,-10,-0.0011236024353475725,-0.0002351087076790451,0.21606413033912017,-0.017380753747201067,2.9686989354417332,-0.012360319852824193
102,captured_image_20250414_055844.jpg,0,-10,-0.0011214706999572671,-0.00023011633970682549,0.21605118758977926,-0.017094615141113167,2.9697240045694917,-0.011918931098944036
103,captured_image_20250414_055848.jpg,0,-10,-0.0011247128833559233,-0.00023502922221718607,0.21609525794766313,-0.017549247918784566,2.9692685919956907,-0.01114934563111008
104,captured_image_20250414_055851.jpg,0,-10,-0.0011235474778606208,-0.000230965407852691,0.21605595934605318,-0.017242095599010535,2.9690320908235295,-0.01182916332203464
105,captured_image_20250414_055855.jpg,0,-10,-0.0011270190877575711,-0.0002319999735093777,0.21606713677348696,-0.017155330723234125,2.968859855769771,-0.010556875839234725
106,captured_image_20250414_055858.jpg,0,-10,-0.0011226571079701023,-0.00023295961452369634,0.21605188029140565,-0.01706814201958827,2.969263987231699,-0.011244514694075263
107,captured_image_20250414_055902.jpg,0,-10,-0.0011219636141282232,-0.00022920894401947745,0.21609341145785863,-0.017500810077015837,2.968423879638447,-0.011695518199776374
108,captured_image_20250414_055905.jpg,0,-10,-0.0011281459178704603,-0.00023085853650422602,0.21609367161142057,-0.016979515139009464,2.967717761567143,-0.011397469962516827
109,captured_image_20250414_055909.jpg,0,-10,-0.0011277047979286491,-0.00023237835057091975,0.21605017371596358,-0.0169800097255063,2.9684763922138435,-0.01139233869183776
110,captured_image_20250414_055913.jpg,0,-5,-0.0007161504280004968,-0.00018975990183796838,0.21605490597485866,-0.01626891015705899,3.0530879073468196,-0.01151437825300173
111,captured_image_20250414_055917.jpg,0,-5,-0.0007145639929518884,-0.00018988712599532522,0.2160847507912576,-0.01670477720331263,3.053090455575415,-0.01026341164507327
112,captured_image_20250414_055920.jpg,0,-5,-0.0007122500791043832,-0.00019172959571628413,0.2160631478217581,-0.016813394719160015,3.053330750839149,-0.008964475782525821
113,captured_image_20250414_055924.jpg,0,-5,-0.0007172182166171174,-0.0001878908363293661,0.2160451059767419,-0.01619442040401812,3.053001426739639,-0.010181865157695926
114,captured_image_20250414_055926.jpg,0,-5,-0.0007202419880081697,-0.0001863140940107664,0.21609398820895181,-0.016384704657434326,3.0525624409027396,-0.010563094584076116
115,captured_image_20250414_055931.jpg,0,-5,-0.0007165084251778773,-0.0001859667162825838,0.216052259689041,-0.016442433105675724,3.0532394243045,-0.012118210337082167
116,captured_image_20250414_055933.jpg,0,-5,-0.0007199727142792223,-0.0001870678817805031,0.21606732706535858,-0.01643477683743555,3.052539405716725,-0.008895398288143263
117,captured_image_20250414_055937.jpg,0,-5,-0.0007118368113670451,-0.00018995355136007855,0.2160656194736525,-0.016267736352069014,3.0546456424610064,-0.011027080571276366
118,captured_image_20250414_055940.jpg,0,-5,-0.0007155933684696117,-0.00019049217731004363,0.21603001033584052,-0.016354496516047732,3.0535990626106106,-0.009566050973837012
119,captured_image_20250414_055944.jpg,0,-5,-0.000715694250752352,-0.00018553709848195083,0.21606275259946708,-0.016578358358519677,3.052272479898144,-0.012181055206316458
120,captured_image_20250414_055948.jpg,0,0,-0.0002796743780991138,-0.00021181805979487493,0.21616050214424828,-0.016160866641056027,3.13513927756164,-0.011573351261657983
121,captured_image_20250414_055953.jpg,0,0,-0.0002756704552401347,-0.0002135023564735731,0.21612307045673704,-0.016117719817006118,3.136407312985707,-0.00986141069765567
122,captured_image_20250414_055955.jpg,0,0,-0.0002773460340121529,-0.0002093080576612252,0.21612503395793578,-0.01574056546133389,3.1362619222903088,-0.010922982454018177
123,captured_image_20250414_055959.jpg,0,0,-0.0002799535461849477,-0.00021175747385612383,0.21611328827356427,-0.016001713689148298,3.1361147570300734,-0.010930356914549537
124,captured_image_20250414_060002.jpg,0,0,-0.00027796277305201355,-0.00020742852091044806,0.21614705878274698,-0.016526301431511587,3.1361977049724072,-0.011164666256660476
125,captured_image_20250414_060006.jpg,0,0,-0.00027732142035063366,-0.000207934538352175,0.21610766727865982,-0.01615574786060815,3.136109423620461,-0.010292497372383606
126,captured_image_20250414_060009.jpg,0,0,-0.0002793369724262691,-0.00020819661825433638,0.21614364098218602,-0.01629871378389218,3.1360731600350773,-0.009259680198133237
127,captured_image_20250414_060013.jpg,0,0,-0.0002773413394358011,-0.00020859429004032502,0.21612289301334664,-0.01627372805220297,3.136038826107502,-0.00984640693166985
128,captured_image_20250414_060016.jpg,0,0,-0.0002773892592985476,-0.00020925991385741267,0.2161101498881755,-0.016046284443419892,3.1368850039699896,-0.010353950072790288
129,captured_image_20250414_060020.jpg,0,0,-0.00027449581707676067,-0.00020763186383272365,0.2161346009591763,-0.016269259651747307,3.1372620781376095,-0.011505092400146253
130,captured_image_20250414_060024.jpg,0,5,0.0001361088251635212,-0.00019436836994294395,0.2161961484881013,0.01454820381718009,-3.064011706499887,0.008337043582960257
131,captured_image_20250414_060029.jpg,0,5,0.0001355498389335711,-0.00018759366280601857,0.21618080515296093,0.01479694665112483,-3.0639160383531157,0.008438072555075048
132,captured_image_20250414_060031.jpg,0,5,0.0001359495580293989,-0.0001865784699854945,0.2162331866739857,0.014792829615712814,-3.062974999567432,0.008577791408730048
133,captured_image_20250414_060035.jpg,0,5,0.00013532334608768164,-0.00019127131664641665,0.21619353670176963,0.014507999558695955,-3.0640118173551727,0.008220811127316914
134,captured_image_20250414_060038.jpg,0,5,0.00013726608258445396,-0.00018897874069190572,0.21624424227484265,0.01470173154832153,-3.06387348328508,0.007741997161457302
135,captured_image_20250414_060042.jpg,0,5,0.0001355771119970193,-0.00018720970999497202,0.21620646450568784,0.014901664997172567,-3.063922754951082,0.009927511166372284
136,captured_image_20250414_060045.jpg,0,5,0.00013689426533359522,-0.00018728589461226123,0.21620493524153456,0.014766450614174642,-3.0634929479774793,0.009310440549674273
137,captured_image_20250414_060049.jpg,0,5,0.00013585419292907363,-0.00018829547390147508,0.21622020369807193,0.014690513385327815,-3.0637559292941305,0.008416340286040856
138,captured_image_20250414_060052.jpg,0,5,0.00013391332190449182,-0.0001872329532296871,0.21622339235409668,0.01497980772100018,-3.0641087037557395,0.007558789547613828
139,captured_image_20250414_060056.jpg,0,5,0.0001365987787518867,-0.0001888976309666569,0.21621295613674396,0.014540508092065689,-3.0636429428988645,0.009208532302793546
140,captured_image_20250414_060100.jpg,0,10,0.000546492330833986,-0.0001697729117659638,0.21639393493369466,0.014201583729385587,-2.980702388028283,0.011338767017003454
141,captured_image_20250414_060104.jpg,0,10,0.0005445639549137408,-0.00016854978318018318,0.21638090652165462,0.014097478907360246,-2.9809233651053595,0.008891887649690112
142,captured_image_20250414_060107.jpg,0,10,0.0005474223909245341,-0.0001666490811257269,0.21631468681295718,0.013631329887438055,-2.979774710256042,0.009984399651277905
143,captured_image_20250414_060111.jpg,0,10,0.0005489686779601171,-0.00017258395278646607,0.21630200987690634,0.014075756707167644,-2.978693714973359,0.007808580288116711
144,captured_image_20250414_060114.jpg,0,10,0.0005479234549035975,-0.00017168632000966953,0.2163315733745385,0.014130123181730238,-2.978758729013128,0.009313374726944173
145,captured_image_20250414_060118.jpg,0,10,0.0005505617152208102,-0.00016727331607775648,0.21634282196226912,0.013718438259968421,-2.9804488284942865,0.008793360011265842
146,captured_image_20250414_060121.jpg,0,10,0.0005508243718912622,-0.00017045434199356073,0.21635402994604547,0.013803207199486257,-2.9789081860187534,0.008379911286958346
147,captured_image_20250414_060125.jpg,0,10,0.0005477709779595683,-0.00016979739506896367,0.21633115770705474,0.013938232649752398,-2.979413252818952,0.009303950957477786
148,captured_image_20250414_060128.jpg,0,10,0.0005520914506741688,-0.00016691785052079853,0.21632292182837914,0.014032619859833716,-2.977806028852296,0.009269645688270592
149,captured_image_20250414_060132.jpg,0,10,0.000547318302998262,-0.0001679339803273436,0.21632383984417441,0.013924607825140198,-2.979722399128394,0.009076236138626213
150,captured_image_20250414_060136.jpg,5,-10,-0.0011540469207378557,0.00020259134358874249,0.21615623831585037,-0.005840010622650444,2.9700775066613776,-0.1426276914335753
151,captured_image_20250414_060140.jpg,5,-10,-0.0011526102801894993,0.0002055680419103008,0.21607663004668476,-0.0055218376846898785,2.967926704824103,-0.1433023087015959
152,captured_image_20250414_060143.jpg,5,-10,-0.0011492653093335139,0.0002074434786559378,0.21612511389142114,-0.005417459303878317,2.9689634588513933,-0.14316057824194522
153,captured_image_20250414_060147.jpg,5,-10,-0.0011582092596208473,0.00020378122363425843,0.2161417431709982,-0.00554907085308008,2.968194872571917,-0.14295910646877913
154,captured_image_20250414_060150.jpg,5,-10,-0.0011522592389995546,0.00020791176521017587,0.21616995570706082,-0.005323608937257246,2.9697406929313237,-0.1422793192135243
155,captured_image_20250414_060154.jpg,5,-10,-0.0011546212803911556,0.0002064355731340754,0.21611731066540021,-0.005501708008019567,2.9687771323623084,-0.1428907416749713
156,captured_image_20250414_060157.jpg,5,-10,-0.0011520307636180064,0.0002038682782431779,0.21609908361049457,-0.005014136730763438,2.9688022268322394,-0.14245926164887485
157,captured_image_20250414_060201.jpg,5,-10,-0.0011538889941911988,0.0002077945169365254,0.21607896277635014,-0.0052424571965318904,2.968305029696003,-0.14534380506542033
158,captured_image_20250414_060204.jpg,5,-10,-0.0011522539774984286,0.00020519586789559402,0.21607047297661758,-0.00529463236308427,2.9682286111343643,-0.14346394202214846
159,captured_image_20250414_060208.jpg,5,-10,-0.0011528295547689978,0.0002035210660642987,0.21610689606474226,-0.005270586206942702,2.967914298189963,-0.14374603150267884
160,captured_image_20250414_060212.jpg,5,-5,-0.0007493308848288395,0.0001952961756684629,0.21610162880610623,-0.010177630114199594,3.0533637558988787,-0.14830178610863434
161,captured_image_20250414_060216.jpg,5,-5,-0.0007461834129647432,0.00019205590512409626,0.21609362651306,-0.010354018841398272,3.053697417662278,-0.14776243835256592
162,captured_image_20250414_060219.jpg,5,-5,-0.0007468769427547195,0.00019780896313488866,0.21608420458014874,-0.010479055061947568,3.0531643987977777,-0.14858048933428894
163,captured_image_20250414_060223.jpg,5,-5,-0.0007469146066197311,0.00019542979294863845,0.21610044912266335,-0.010425171701331651,3.0542197691367177,-0.14885871609916196
164,captured_image_20250414_060226.jpg,5,-5,-0.0007503766444872294,0.00019521287931400784,0.2160954585225805,-0.010508383351036365,3.0527731130185187,-0.1478801897001972
165,captured_image_20250414_060230.jpg,5,-5,-0.0007524743800808198,0.00018959887659146648,0.21608227928122783,-0.010294091910170625,3.0519634935541533,-0.14687850745389722
166,captured_image_20250414_060233.jpg,5,-5,-0.000746241951531019,0.00019072257056801145,0.21609473943934332,-0.010333802593430268,3.053405296288422,-0.14825704388288732
167,captured_image_20250414_060237.jpg,5,-5,-0.0007491257757435262,0.0001922736116573104,0.21607468413608696,-0.010602741359035751,3.0516701095297987,-0.1499907509667592
168,captured_image_20250414_060239.jpg,5,-5,-0.0007469472659082913,0.0001960324853535547,0.21609827008671775,-0.010403127832285246,3.052626210971315,-0.14899536595554277
169,captured_image_20250414_060244.jpg,5,-5,-0.0007496262030958388,0.00019527536994508953,0.2161151872254651,-0.01052048910819132,3.0528773931658364,-0.1476690088755096
170,captured_image_20250414_060248.jpg,5,0,-0.00030483214999403054,0.00021588310041181145,0.21614224646772737,-0.016039982463790136,3.136452527553427,-0.15116463284030376
171,captured_image_20250414_060252.jpg,5,0,-0.0003030773879490515,0.0002143995742345819,0.21611950490567716,-0.015635169911540955,3.136215045235442,-0.1500007900232207
172,captured_image_20250414_060255.jpg,5,0,-0.0003073973672519901,0.00021627347823530596,0.21615224463075272,-0.015604099298751922,3.1369650533731397,-0.15118325375984734
173,captured_image_20250414_060259.jpg,5,0,-0.00030787808900607414,0.00021713213889021843,0.2161284464929342,-0.01580395023460904,3.1360800624087175,-0.15120806185978802
174,captured_image_20250414_060302.jpg,5,0,-0.0003033287699156339,0.0002139826234020227,0.21615520604856656,-0.015609679335834436,3.1376792185806432,-0.14912914971461108
175,captured_image_20250414_060306.jpg,5,0,-0.00030905794246901175,0.000216353916750512,0.21611161744083676,-0.015428168862460375,3.1355143674471853,-0.15119781028830137
176,captured_image_20250414_060308.jpg,5,0,-0.00030629484367682223,0.00021397769211520113,0.21616340839777928,-0.015628632346442208,3.136058810484247,-0.1501597314663086
177,captured_image_20250414_060313.jpg,5,0,-0.0003014908137988503,0.000213389932410793,0.21613521907301728,-0.016097192668855412,3.138232055130846,-0.1508613639831523
178,captured_image_20250414_060315.jpg,5,0,-0.00030463638983599476,0.00021593983971005752,0.2161345240439317,-0.015402797241910302,3.136613533599913,-0.1510836244319632
179,captured_image_20250414_060319.jpg,5,0,-0.00030315840332126976,0.00021709364225024863,0.21615212100509115,-0.015961242192553893,3.1366389075107053,-0.15074640860705119
180,captured_image_20250414_060323.jpg,5,5,0.00012989617424381396,0.0002334144775291745,0.21624329706906908,0.020887688989209514,-3.0563112447523655,0.1432125924546374
181,captured_image_20250414_060328.jpg,5,5,0.00012715683856491059,0.00023707132496411618,0.21622393646847862,0.02070936401940605,-3.0556333557161026,0.1436795762783091
182,captured_image_20250414_060330.jpg,5,5,0.00012827681424184943,0.00023194916212143697,0.21622463344659323,0.020557922051644764,-3.056290449317821,0.14459182306077362
183,captured_image_20250414_060335.jpg,5,5,0.00012619462644608388,0.00023296583259305677,0.21619950029528107,0.020683753778321188,-3.0563183196151047,0.14522536763010255
184,captured_image_20250414_060337.jpg,5,5,0.00012126691479969135,0.0002375166945185724,0.21622322644531516,0.02075082848768543,-3.05588649186894,0.14322118325910124
185,captured_image_20250414_060341.jpg,5,5,0.00012071967167439494,0.00023718773266757567,0.21625122240034322,0.020491112802794965,-3.057303462080802,0.1450525559567322
186,captured_image_20250414_060344.jpg,5,5,0.00012460031163298295,0.00023400608469152144,0.21622300758696297,0.020505603279299865,-3.0570065865332743,0.14452841502649688
187,captured_image_20250414_060348.jpg,5,5,0.00012547496668665118,0.00023479717341201052,0.2162239700181313,0.020424901276716773,-3.055751816850306,0.14532861913751519
188,captured_image_20250414_060351.jpg,5,5,0.00012536542242474585,0.00023292239081147483,0.21624137957245776,0.020466840072951915,-3.0558559394446365,0.14382056316068595
189,captured_image_20250414_060355.jpg,5,5,0.00012217242807524169,0.00023819826250927412,0.21623149049801646,0.02031854418071678,-3.058344561436182,0.14412797395583593
190,captured_image_20250414_060359.jpg,5,10,0.0005384428707821654,0.0002654847875228004,0.21628346996020795,0.025034884588573322,-2.972405409245862,0.13875073636513732
191,captured_image_20250414_060403.jpg,5,10,0.0005359842704752196,0.00026773848979480037,0.21632162495191729,0.024788586349784147,-2.9719983984624365,0.13987278506020281
192,captured_image_20250414_060406.jpg,5,10,0.0005369194428691438,0.0002669008387185533,0.2163016051666405,0.02506423113870682,-2.972812155554165,0.14020228197322837
193,captured_image_20250414_060410.jpg,5,10,0.000536894370624583,0.0002668306114568371,0.21628628648507645,0.02498154111424827,-2.9725726510972774,0.1408008325134713
194,captured_image_20250414_060413.jpg,5,10,0.0005338627890847635,0.00026592044729386357,0.21630620019933805,0.025014258980638367,-2.97270574944632,0.13797542377068694
195,captured_image_20250414_060417.jpg,5,10,0.0005354626296104183,0.0002676523574010736,0.21633379233624073,0.025312982289486304,-2.973184778846113,0.13864711406160465
196,captured_image_20250414_060420.jpg,5,10,0.0005363896566821675,0.0002702063086643383,0.2163192591907753,0.02499844717010334,-2.9725170425005905,0.13894032079338486
197,captured_image_20250414_060424.jpg,5,10,0.0005362141481342329,0.00026833079682360753,0.2163050908437221,0.02531443803344394,-2.9723291474681366,0.13910786291882873
198,captured_image_20250414_060427.jpg,5,10,0.0005366964371901182,0.0002701369277019589,0.2163163969141867,0.02466592481963375,-2.972619244820719,0.13981119099720793
199,captured_image_20250414_060431.jpg,5,10,0.0005378509199847483,0.00026761082530034087,0.21625821300062031,0.024981234798750855,-2.9722009543689123,0.14046167234806084
200,captured_image_20250414_060435.jpg,10,-10,-0.0011685104045087147,0.0006253252668441074,0.2160935480313936,0.005806478155822709,2.961524430894379,-0.27324528582946633
201,captured_image_20250414_060439.jpg,10,-10,-0.001165460647700792,0.0006243934156571234,0.21607691965575512,0.005812526622606056,2.9616474560159003,-0.274353316218938
202,captured_image_20250414_060442.jpg,10,-10,-0.0011646745189475202,0.0006210974990221136,0.21615133954048274,0.005551107504106453,2.962165808297143,-0.27271435623277074
203,captured_image_20250414_060446.jpg,10,-10,-0.0011636979241880041,0.0006222920863511328,0.21611453599613084,0.0056658490784169775,2.9628895652515217,-0.2729411205479699
204,captured_image_20250414_060449.jpg,10,-10,-0.00116515958711113,0.0006239485333335176,0.21611897928165988,0.005905257444928057,2.962641953884959,-0.2725002073886997
205,captured_image_20250414_060453.jpg,10,-10,-0.001162168499023906,0.0006238429871963559,0.2161116980937775,0.006035437055940382,2.962397798711107,-0.2748371589823385
206,captured_image_20250414_060456.jpg,10,-10,-0.0011625837505564827,0.0006214023177698482,0.21611343404898084,0.005824479077260762,2.9624725065765283,-0.2728718520980099
207,captured_image_20250414_060500.jpg,10,-10,-0.0011598181841051952,0.0006186679866836195,0.21613218563372757,0.005808712267644305,2.9631405183693764,-0.27289954391906995
208,captured_image_20250414_060503.jpg,10,-10,-0.001163116948772006,0.0006212524864013668,0.2160960709453235,0.0058324632512649285,2.9612304144878907,-0.27501808570144665
209,captured_image_20250414_060507.jpg,10,-10,-0.001168234779259403,0.0006265967850359637,0.21608566015249253,0.005798488594250503,2.961808761257384,-0.2739658020032133
210,captured_image_20250414_060511.jpg,10,-5,-0.0007665947193048475,0.000586601307335536,0.21612415789574477,-0.0048065002201627014,3.045851520452885,-0.2811310709641663
211,captured_image_20250414_060515.jpg,10,-5,-0.000763764422813079,0.0005831431444073034,0.2161211884941817,-0.004975290466681583,3.046817368177981,-0.27972203365656256
212,captured_image_20250414_060518.jpg,10,-5,-0.0007634872786869653,0.0005880530119784879,0.21613558464562896,-0.0047853170199144745,3.0466254028704505,-0.279853157498397
213,captured_image_20250414_060522.jpg,10,-5,-0.0007624745063627622,0.0005869638378309792,0.21611576877183658,-0.004743757101833752,3.0470348965219483,-0.280128073182203
214,captured_image_20250414_060525.jpg,10,-5,-0.0007587793032553604,0.0005843289216019273,0.21609638203599726,-0.004776522562659525,3.046638792631143,-0.28116680564893304
215,captured_image_20250414_060529.jpg,10,-5,-0.0007633752850753966,0.0005885613968130215,0.21609806173484664,-0.0049378622989478165,3.0461198931213964,-0.2811050743970633
216,captured_image_20250414_060532.jpg,10,-5,-0.0007631497836632769,0.0005883487254891161,0.21608039945794272,-0.004700806900407137,3.0461246275168192,-0.2821239092682918
217,captured_image_20250414_060536.jpg,10,-5,-0.0007611886659882617,0.0005882369804809374,0.21612921003201427,-0.0047032603150284034,3.0456134318993366,-0.2810085474935554
218,captured_image_20250414_060538.jpg,10,-5,-0.0007613591599190296,0.0005902711136109547,0.2160669959406073,-0.005149330873087634,3.0462981878614706,-0.28335304292561
219,captured_image_20250414_060542.jpg,10,-5,-0.0007615326107024747,0.0005812283746014546,0.2161045461677716,-0.004747531168526976,3.047061681817049,-0.28075057076364673
220,captured_image_20250414_060547.jpg,10,0,-0.00033317983383552045,0.0006308055203319497,0.21619799532731965,-0.015967693684657284,3.1285919663262196,-0.2864697204847767
221,captured_image_20250414_060551.jpg,10,0,-0.00033394711500873633,0.0006313011238682065,0.21615831075978761,0.01628037980030359,-3.128320082398747,0.2861094538154312
222,captured_image_20250414_060553.jpg,10,0,-0.00033141537457912287,0.0006281727581125259,0.21617185996619293,0.016177963780886383,-3.127170555353869,0.28580602027119006
223,captured_image_20250414_060558.jpg,10,0,-0.00033151402305346917,0.0006294886733421742,0.21617239561573864,0.016115728648507875,-3.1288678221412054,0.2870108134066509
224,captured_image_20250414_060600.jpg,10,0,-0.0003364576570115835,0.0006271230673145093,0.2161942060886534,0.016271077051203522,-3.1270631410778127,0.28441278452382335
225,captured_image_20250414_060604.jpg,10,0,-0.0003305135945436839,0.0006283664074086394,0.21615402066187664,0.015942057042463122,-3.127938367083544,0.28656801660449827
226,captured_image_20250414_060607.jpg,10,0,-0.00033228578692704987,0.0006308686531504678,0.21615011437085968,0.016194254661117565,-3.1271433764138887,0.2858481389236775
227,captured_image_20250414_060611.jpg,10,0,-0.0003332343809543758,0.0006313700834876654,0.21620236673473903,0.01577317712468335,-3.128138679085298,0.2855711167289256
228,captured_image_20250414_060614.jpg,10,0,-0.00033190428296304443,0.0006347166862884785,0.2162330307171752,-0.015811629411067226,3.1288687326216027,-0.2854789269339416
229,captured_image_20250414_060618.jpg,10,0,-0.0003366429272743303,0.0006322607957403505,0.21615098576909111,0.01615719812912271,-3.1279786013140254,0.28718959180958836
230,captured_image_20250414_060622.jpg,10,5,9.666336926330902e-05,0.0006281429884180285,0.21619253621939186,0.026131151795164807,-3.044552549750322,0.2764170011244489
231,captured_image_20250414_060626.jpg,10,5,9.384299919798522e-05,0.0006337218163905004,0.21616170214522495,0.026021947145154906,-3.045262716550851,0.2790826001587007
232,captured_image_20250414_060629.jpg,10,5,9.501209853444202e-05,0.000629526826661439,0.21614362992725397,0.02653669589178146,-3.045311178443697,0.2791706609978319
233,captured_image_20250414_060633.jpg,10,5,9.643706123140875e-05,0.0006318978476602361,0.216215784182434,0.026267162875825742,-3.0455419471592844,0.27873017381387033
234,captured_image_20250414_060636.jpg,10,5,9.757284365247794e-05,0.000634439767608433,0.2161390334915768,0.02618495769727671,-3.044868062441747,0.28043865654481726
235,captured_image_20250414_060640.jpg,10,5,9.650677385627812e-05,0.0006265783699751786,0.21623529034436267,0.026277020345477367,-3.0462222609566214,0.2768628718352884
236,captured_image_20250414_060643.jpg,10,5,9.80441342197118e-05,0.0006335624519550095,0.21615986187160313,0.026291642555411016,-3.0447766893595194,0.2792323660304778
237,captured_image_20250414_060647.jpg,10,5,9.959375559540462e-05,0.0006321364642100446,0.21616242185067908,0.02611021067889016,-3.0448190558248833,0.27772463597187885
238,captured_image_20250414_060650.jpg,10,5,9.226837865103149e-05,0.000631536900589108,0.21618133901842027,0.02625468500245818,-3.046195777638076,0.27781418967586097
239,captured_image_20250414_060654.jpg,10,5,9.7682747114141e-05,0.0006321391003360234,0.21616904044305105,0.02639694357667073,-3.0448818427567725,0.2775941245181215
240,captured_image_20250414_060658.jpg,10,10,0.0005141801388648773,0.0006208287176266236,0.2161995760432882,0.03636510566652562,-2.9615930083468665,0.26858623455600544
241,captured_image_20250414_060702.jpg,10,10,0.0005138936790530866,0.0006257916830117946,0.21621412351885103,0.03618957261301257,-2.9612608536149954,0.269173266046046
242,captured_image_20250414_060705.jpg,10,10,0.0005113742712607489,0.0006214094564281908,0.21622199093739775,0.03614212594263611,-2.961414271066449,0.2698633739254
243,captured_image_20250414_060709.jpg,10,10,0.0005085191340802387,0.000623040179002355,0.21623596345798476,0.03649372973577903,-2.9612799007617205,0.26828431373477696
244,captured_image_20250414_060712.jpg,10,10,0.0005101361821712642,0.0006272324824437419,0.21622944858376728,0.03627932249355942,-2.96129339709663,0.26865022412023337
245,captured_image_20250414_060716.jpg,10,10,0.0005110204066876764,0.0006255351440702866,0.21622322078583858,0.0365344180371663,-2.961183131447172,0.26797918301482315
246,captured_image_20250414_060719.jpg,10,10,0.0005092631699402347,0.0006272293230030416,0.21622363034741168,0.03588415093604688,-2.9621538971820143,0.2697043086689975
247,captured_image_20250414_060723.jpg,10,10,0.0005158082240925219,0.000625374469365405,0.21619855974738136,0.03658170002539889,-2.9614456419018826,0.2680925175026917
248,captured_image_20250414_060726.jpg,10,10,0.0005113775321017594,0.0006237618143016444,0.21623015547779564,0.0362087175856765,-2.961628702800855,0.26916096073098633
249,captured_image_20250414_060730.jpg,10,10,0.0005121031717244507,0.0006256176921661953,0.21623623311810672,0.036562652435738405,-2.9618880706508373,0.2696552684557281
