layout,swing,slip_mm,slip_deg,obj_disp_mm,t_before,t_after,file
Single planar tag,1,0.536,0.263,286.149,6.1,8.5,Single_Take 2026-06-19 02.49.23 PM.csv
Single planar tag,2,0.494,0.308,286.442,25.8,28.2,Single_Take 2026-06-19 02.49.23 PM.csv
Single planar tag,3,0.5,0.317,286.997,44.0,46.3,Single_Take 2026-06-19 02.49.23 PM.csv
Single planar tag,4,0.509,0.335,286.675,63.7,66.1,Single_Take 2026-06-19 02.49.23 PM.csv
Single planar tag,5,0.518,0.28,287.445,88.2,90.6,Single_Take 2026-06-19 02.49.23 PM.csv
Diagonal,1,53.916,25.883,330.24,13.3,15.7,Diagonal_Take 2026-06-19 02.40.10 PM.csv
Diagonal,2,39.442,18.77,318.561,32.2,34.6,Diagonal_Take 2026-06-19 02.40.10 PM.csv
Diagonal,3,57.572,27.706,335.651,55.2,57.6,Diagonal_Take 2026-06-19 02.40.10 PM.csv
Diagonal,4,57.433,27.643,329.222,74.9,77.3,Diagonal_Take 2026-06-19 02.40.10 PM.csv
Diagonal,5,50.45,24.263,328.872,113.1,115.5,Diagonal_Take 2026-06-19 02.40.10 PM.csv
Pitch,1,0.942,0.322,290.161,7.7,10.0,Pitch_Take 2026-06-19 02.43.05 PM.csv
Pitch,2,0.892,0.339,291.16,30.6,33.0,Pitch_Take 2026-06-19 02.43.05 PM.csv
Pitch,3,0.79,0.293,290.176,49.5,51.9,Pitch_Take 2026-06-19 02.43.05 PM.csv
Pitch,4,0.848,0.294,291.188,67.7,70.0,Pitch_Take 2026-06-19 02.43.05 PM.csv
Pitch,5,0.814,0.318,292.278,82.6,85.0,Pitch_Take 2026-06-19 02.43.05 PM.csv
Reversed-pitch,1,1.053,0.375,289.474,7.7,10.1,Pitch_r_Take 2026-06-19 02.45.42 PM.csv
Reversed-pitch,2,1.045,0.262,287.084,25.8,28.1,Pitch_r_Take 2026-06-19 02.45.42 PM.csv
Reversed-pitch,3,1.065,0.355,288.795,41.6,44.0,Pitch_r_Take 2026-06-19 02.45.42 PM.csv
Reversed-pitch,4,0.888,0.34,287.736,60.5,62.8,Pitch_r_Take 2026-06-19 02.45.42 PM.csv
Reversed-pitch,5,1.0,0.287,289.838,85.1,87.5,Pitch_r_Take 2026-06-19 02.45.42 PM.csv
