name,theta_x,theta_y,t_x,t_y,t_z,r_x,r_y,r_z
captured_image_20250414_025609.jpg,-30,-30,-0.0014461776337800322,-0.0016002320178878098,0.2138301922187061,-0.18694125519410362,2.53095580849462,0.6818011441437541
captured_image_20250414_025613.jpg,-30,-30,-0.0014418295336024423,-0.001598381272959725,0.21385044071995093,-0.18647201196588412,2.531665217183082,0.6820700853380602
captured_image_20250414_025616.jpg,-30,-30,-0.0014513078788184926,-0.0015971755034784308,0.21372718330555004,-0.1867031250565453,2.529799866174693,0.6823545015063713
captured_image_20250414_025620.jpg,-30,-30,-0.0016075563723623178,-0.0017802208471260309,0.2131986066966039,-0.19444017668789307,2.5145468177057446,0.7211760777237878
captured_image_20250414_025623.jpg,-30,-30,-0.0015943790994430037,-0.0017771302404722227,0.2133117637458901,-0.1945677189922553,2.5164753999519975,0.720851042052708
captured_image_20250414_025627.jpg,-30,-30,-0.0016019503860298637,-0.0017772750732651334,0.21322154717082026,-0.19426228885119431,2.5154600942945002,0.7206108912741168
captured_image_20250414_025630.jpg,-30,-30,-0.001584978827375156,-0.0017732624360631312,0.21334827657879624,-0.19416558520384788,2.517434626239145,0.7201471576675447
captured_image_20250414_025634.jpg,-30,-30,-0.0014652038264364928,-0.001559522043041498,0.21305522404927627,-0.185374543904085,2.5258103841342603,0.6792964454143717
captured_image_20250414_025637.jpg,-30,-30,-0.0016048421808378347,-0.001776843468145192,0.21314950622935297,-0.19463774932691152,2.5147683959846985,0.7216954115894906
captured_image_20250414_025641.jpg,-30,-30,-0.001599369825245794,-0.0017673362026393415,0.21330669310493436,-0.19456019772614747,2.5167689108810833,0.7194850129000816
captured_image_20250414_025645.jpg,-30,-15,-0.0005342567445494876,-0.0015818290661710924,0.21566056717133916,-0.0935202258491429,2.7841174295662023,0.72956688002156
captured_image_20250414_025650.jpg,-30,-15,-0.0005342550796713791,-0.00158433645249712,0.21558582049315178,-0.09330444467048686,2.7837607083045848,0.7300053610262577
captured_image_20250414_025652.jpg,-30,-15,-0.0005268878468909626,-0.001580054120364939,0.21558058029581928,-0.09294189598187014,2.784157334842639,0.7300652583027302
captured_image_20250414_025656.jpg,-30,-15,-0.0005326794178093429,-0.0015848151667589836,0.21561445663859533,-0.09349472187864158,2.783874854210021,0.7300343293095181
captured_image_20250414_025659.jpg,-30,-15,-0.0005215204941856587,-0.0015514444501643222,0.21626764707441776,-0.09798935193915172,2.794786612593812,0.7200161079948343
captured_image_20250414_025703.jpg,-30,-15,-0.0005150435340212184,-0.0015479414422006018,0.2163421493749109,-0.09793859871495499,2.7954944893898834,0.7184482229490082
captured_image_20250414_025706.jpg,-30,-15,-0.000544025693404769,-0.001582404266415117,0.21559628584719132,-0.09351474988729892,2.782979462818061,0.7294886924381668
captured_image_20250414_025710.jpg,-30,-15,-0.0005157526018241379,-0.0015540518346606868,0.21629517655056346,-0.09742752138715031,2.7936521607503186,0.7204344158128118
captured_image_20250414_025713.jpg,-30,-15,-0.0005334178191110465,-0.0015822675125403947,0.2156390042387521,-0.09345447406833801,2.7844044869709763,0.7299760339359698
captured_image_20250414_025717.jpg,-30,-15,-0.0005327644520052164,-0.001583334713828906,0.21561366230308032,-0.09326119984547629,2.7839211528233596,0.7300198391007554
captured_image_20250414_025722.jpg,-30,0,0.0006573166566231756,-0.001522166144324125,0.21614462804836385,0.0030079067970880465,3.0387243589205752,0.7916382429859974
captured_image_20250414_025726.jpg,-30,0,0.0006534908118951376,-0.0015270270560438525,0.21616626709059095,0.0028210637831637578,3.0389814172986864,0.7910084901587155
captured_image_20250414_025729.jpg,-30,0,0.0006520059815663323,-0.0015299146144926584,0.21622469545003772,0.0028511034896129793,3.0383135444338016,0.7902277757606512
captured_image_20250414_025733.jpg,-30,0,0.0006472428104085285,-0.0015267012219507667,0.21620609986388958,0.003185203132281628,3.039210544107554,0.7898852945577186
captured_image_20250414_025735.jpg,-30,0,0.0006523153421372327,-0.0015276167703078957,0.2160983905607775,0.002982402313129807,3.038524831869014,0.7925213320778326
captured_image_20250414_025740.jpg,-30,0,0.0006489331713443437,-0.001526569895724982,0.21617448607478848,0.002831256411828461,3.0390421961268155,0.7904952944642438
captured_image_20250414_025742.jpg,-30,0,0.0006464533947439412,-0.0015298395158068743,0.21621963679612244,0.0029709207758817045,3.038932130204557,0.7903799274981458
captured_image_20250414_025746.jpg,-30,0,0.0006500031181366744,-0.0015278449313029328,0.21615472753618928,0.00318216988863565,3.03828624137282,0.7910820670708528
captured_image_20250414_025749.jpg,-30,0,0.0006475746966009251,-0.0015244086289295043,0.21620401334936074,0.002383641699183945,3.038763619358083,0.7907120514747049
captured_image_20250414_025753.jpg,-30,0,0.0006464277151640718,-0.0015274120531500652,0.2161116373724497,0.0026157003069018593,3.0386395840640885,0.7916244644386752
captured_image_20250414_025758.jpg,-30,15,0.0017647220170652071,-0.0015043998588491999,0.21522244197884452,-0.10330975251768695,-2.7927218113658974,-0.7395348792589748
captured_image_20250414_025802.jpg,-30,15,0.0017631030308283033,-0.0015097828921878408,0.2153111926734619,-0.1030235181348465,-2.793596544380805,-0.7396634654795848
captured_image_20250414_025805.jpg,-30,15,0.0017618837713771211,-0.0015076446451547216,0.21524289156620385,-0.10319492515961486,-2.7926304754250983,-0.7392362902157883
captured_image_20250414_025809.jpg,-30,15,0.0017615453015175104,-0.0015080544750185998,0.21528225312994415,-0.103395610797494,-2.7935031967250383,-0.7393736353314422
captured_image_20250414_025811.jpg,-30,15,0.00176281037094925,-0.0015019846066841053,0.215321690825128,-0.10293533457638855,-2.793344952422509,-0.7393799807806333
captured_image_20250414_025816.jpg,-30,15,0.001762335700957486,-0.0015083501645987605,0.21525934889286444,-0.10325873748976905,-2.792903362146803,-0.7398867982147134
captured_image_20250414_025818.jpg,-30,15,0.0016510664623339275,-0.0015427453098460539,0.21587223265667665,-0.105155543749895,-2.8130124640986818,-0.7469968517506863
captured_image_20250414_025823.jpg,-30,15,0.001729868655325344,-0.0015151678574158404,0.2152898981109131,-0.1012450721602454,-2.794748840749074,-0.7448449430127724
captured_image_20250414_025825.jpg,-30,15,0.0017656099480782047,-0.0015053662794886947,0.21524035899121616,-0.10319224780723107,-2.792718259242019,-0.7396917660751655
captured_image_20250414_025830.jpg,-30,15,0.0017651655696979795,-0.001506371943529492,0.21526974735087087,-0.10318579663575819,-2.7924665313284858,-0.7392394798826175
captured_image_20250414_025834.jpg,-30,30,0.0027832580342793314,-0.001469351645342159,0.21464432029374464,-0.18839631893671255,-2.5519171783949313,-0.68854562030938
captured_image_20250414_025838.jpg,-30,30,0.0027876159088518837,-0.0014733144610153204,0.21454060090940696,-0.18847149716859532,-2.550746002073151,-0.6893162256296319
captured_image_20250414_025841.jpg,-30,30,0.002786958893169979,-0.0014669834918964837,0.21466977960324504,-0.18878146705572713,-2.5522536548829424,-0.6874279804484864
captured_image_20250414_025845.jpg,-30,30,0.002782161706698771,-0.0014756682179585096,0.21451341460794063,-0.18788583916226384,-2.5516165228009706,-0.6904325498378394
captured_image_20250414_025848.jpg,-30,30,0.002776082642871186,-0.001476943275627732,0.2145282323631446,-0.1876793335142843,-2.5515470116063983,-0.6895455501659186
captured_image_20250414_025852.jpg,-30,30,0.0027817323113616707,-0.0014774932061722532,0.21457824169798362,-0.18747289241004428,-2.5519164370584426,-0.6897357217873501
captured_image_20250414_025855.jpg,-30,30,0.00278262273736202,-0.001475516320694031,0.21450461924697814,-0.1885470871729703,-2.5514903653710435,-0.6893133298606514
captured_image_20250414_025859.jpg,-30,30,0.0027885449056408904,-0.0014756960485390763,0.21459641935932233,-0.18827780789326157,-2.5515565622428773,-0.6890818825774269
captured_image_20250414_025901.jpg,-30,30,0.0027889393588993736,-0.0014745028003726858,0.21455919243587615,-0.18844003635637077,-2.5512998776026863,-0.6888631053574272
captured_image_20250414_025906.jpg,-30,30,0.002779360760066398,-0.0014712971476877256,0.21455802998252513,-0.1884051499569089,-2.552015369336968,-0.6889865473658949
captured_image_20250414_025911.jpg,-15,-30,-0.001761206305593401,-0.0005135457107039414,0.21520728646357065,-0.09357033673529526,2.601737566478303,0.35545483550461693
captured_image_20250414_025915.jpg,-15,-30,-0.0017631061128832348,-0.0005162390766785827,0.21520705632006154,-0.09362319180443274,2.6013016460288467,0.35431818699704287
captured_image_20250414_025918.jpg,-15,-30,-0.0017574993320112464,-0.0005137776845063991,0.21529979332575658,-0.09346887551720455,2.6025749153055204,0.3532548162703552
captured_image_20250414_025922.jpg,-15,-30,-0.0017589838445767117,-0.0005157655832846257,0.2152224883789326,-0.09395730814889452,2.6013058476843005,0.35449827621324015
captured_image_20250414_025925.jpg,-15,-30,-0.0017598134445797377,-0.0005159066163932057,0.21528071716469538,-0.09359854113685809,2.602164803057016,0.3547207390181301
captured_image_20250414_025929.jpg,-15,-30,-0.0017618465992921405,-0.0005122069588820817,0.21531954066394915,-0.09421890397691467,2.6023630690069095,0.3534993043534522
captured_image_20250414_025932.jpg,-15,-30,-0.0017571522954641248,-0.0005165773987848806,0.21529556730775518,-0.09375477124756244,2.602100227062301,0.35415966149491235
captured_image_20250414_025936.jpg,-15,-30,-0.0017569496806506609,-0.0005137383257577987,0.21523156455196818,-0.09387973506575166,2.602187964809806,0.35476187819142146
captured_image_20250414_025939.jpg,-15,-30,-0.0017618835404615253,-0.0005204491951137809,0.21526644771622455,-0.09344501434854603,2.6018301818871006,0.3543760606791024
captured_image_20250414_025943.jpg,-15,-30,-0.0017564876810354584,-0.0005154970541238488,0.21529091435650535,-0.0936246077265796,2.6021141019947907,0.35459718710899624
captured_image_20250414_025947.jpg,-15,-15,-0.0006989254163719599,-0.0004571771021122802,0.21589190332215363,-0.043141815449661725,2.8552297793306747,0.3721889339252481
captured_image_20250414_025951.jpg,-15,-15,-0.0007033362925012101,-0.00046023758505780646,0.2158415752100053,-0.042792118913295034,2.8541161321010087,0.37335612454080513
captured_image_20250414_025954.jpg,-15,-15,-0.0007052784103584316,-0.0004562894813703662,0.2159035837084758,-0.043156416932027826,2.855201877161326,0.3720384924119921
captured_image_20250414_025958.jpg,-15,-15,-0.0007043844961658125,-0.00045433082165730363,0.21591289071458422,-0.04306569100223193,2.8555094525703275,0.37170385624787877
captured_image_20250414_030001.jpg,-15,-15,-0.00070707008125254,-0.0004553163116902168,0.21591129827991273,-0.04310693584152793,2.8550829813696743,0.3720863606132755
captured_image_20250414_030005.jpg,-15,-15,-0.0007069361471416601,-0.00045770623626803606,0.2158769600152471,-0.04325988087634586,2.8548533817996735,0.3722638201421851
captured_image_20250414_030008.jpg,-15,-15,-0.0007030846338529873,-0.00045715285611764884,0.21589539860682186,-0.042666045251866416,2.855042876840877,0.3718270848041527
captured_image_20250414_030012.jpg,-15,-15,-0.0007041888130866152,-0.0004587265081384742,0.2159443523476315,-0.04294972244667881,2.8552282192819134,0.371651671289423
captured_image_20250414_030015.jpg,-15,-15,-0.0007042736670265161,-0.000456183338216279,0.2158547770633433,-0.042577966500782057,2.854242149858335,0.3736596483933747
captured_image_20250414_030019.jpg,-15,-15,-0.0007007814834160169,-0.00045465314380232347,0.21591387818080454,-0.043058989881157854,2.8548669789682766,0.37141964725403714
captured_image_20250414_030023.jpg,-15,0,0.0005353184725771776,-0.00040730234446722873,0.21610225926350302,0.008278632802544962,3.1065293698174816,0.40719206109462003
captured_image_20250414_030028.jpg,-15,0,0.000529931383259207,-0.0004093223300002125,0.2160990327774921,0.008684669323154206,3.105564589260864,0.40725063449012794
captured_image_20250414_030030.jpg,-15,0,0.0005302075263220945,-0.00040718613057803566,0.2160833585430491,0.008564490609574354,3.1058942946921486,0.4059141920233197
captured_image_20250414_030034.jpg,-15,0,0.000528875490687117,-0.00040600257273410605,0.21614038627075813,0.00907751713663224,3.1057963411798024,0.40548573658937753
captured_image_20250414_030037.jpg,-15,0,0.0005297353291671899,-0.0004071001652792398,0.21612432647104796,0.00896466488470266,3.1061685488329744,0.4047158418752848
captured_image_20250414_030041.jpg,-15,0,0.00053109489805832,-0.00040264147529570023,0.21612352458191675,0.008739717752724585,3.1058078288625133,0.40424792057459025
captured_image_20250414_030044.jpg,-15,0,0.0005319734757702287,-0.00040725185161864254,0.21610382625802377,0.008706734309483696,3.106385308116424,0.4057942232169911
captured_image_20250414_030048.jpg,-15,0,0.000527872655646761,-0.0004047857742621668,0.21609040391521672,0.008957223585382193,3.104908305052125,0.4036185032923854
captured_image_20250414_030051.jpg,-15,0,0.0005294288026458863,-0.00040846849647735656,0.21609290522665958,0.009121189592224825,3.106139759266564,0.4071725800453766
captured_image_20250414_030055.jpg,-15,0,0.0005302203497419281,-0.0004110040799172454,0.21611435858979533,0.009251192159941345,3.1056123782672422,0.4075894527670656
captured_image_20250414_030100.jpg,-15,15,0.0017470824325307352,-0.00037597349504449643,0.21605698240774748,-0.06102888643180476,-2.870140111217558,-0.3756593584395611
captured_image_20250414_030104.jpg,-15,15,0.0017422015502707906,-0.0003734344471857858,0.21607487641830386,-0.06075041809733572,-2.8705261825265533,-0.37529122129096615
captured_image_20250414_030106.jpg,-15,15,0.0017435497760656552,-0.00037570267421210347,0.2160716557645119,-0.06062726185129151,-2.8699079435750865,-0.374852636372127
captured_image_20250414_030111.jpg,-15,15,0.0017470780292209254,-0.0003733729938185035,0.21604260979821924,-0.060865461654392036,-2.870249165817473,-0.3747639263449728
captured_image_20250414_030113.jpg,-15,15,0.001743614705841535,-0.0003677945256414159,0.21610074000632798,-0.06109306127926585,-2.871121243979044,-0.3736326504022463
captured_image_20250414_030117.jpg,-15,15,0.0017423261529652182,-0.00037284609868780996,0.21604075309460047,-0.06076889010910704,-2.870054755988018,-0.37428916284231617
captured_image_20250414_030120.jpg,-15,15,0.0017394700308911413,-0.0003744595439090533,0.21606938022211303,-0.06041060149830601,-2.871052955779898,-0.3754258478090717
captured_image_20250414_030124.jpg,-15,15,0.0017440917003424994,-0.0003712915225504282,0.21600682902709345,-0.060932466895280306,-2.869629092176101,-0.3766440626508715
captured_image_20250414_030127.jpg,-15,15,0.001743939697714588,-0.0003794686433939121,0.2160190949366279,-0.06109724560390467,-2.870376760527939,-0.37639905625789094
captured_image_20250414_030131.jpg,-15,15,0.001745210459092071,-0.0003721020134773825,0.21604801901136308,-0.06097126952936567,-2.870094117110021,-0.37320521687068464
captured_image_20250414_030136.jpg,-15,30,0.002867015648510904,-0.0002843030733684171,0.21594596949778122,-0.10331284451006058,-2.6183901472728377,-0.3441352002269675
captured_image_20250414_030140.jpg,-15,30,0.002863891566855871,-0.00028930229128123396,0.21587030697641293,-0.10307365240786269,-2.6173601138961846,-0.344876432563137
captured_image_20250414_030142.jpg,-15,30,0.0028639760686398875,-0.0002892735701569619,0.21592886260774016,-0.10314497643606517,-2.617290249737378,-0.3445528777163992
captured_image_20250414_030147.jpg,-15,30,0.002860305991617996,-0.0002937517492449717,0.21594549068621205,-0.10299739771047398,-2.618111834674989,-0.3448537352389033
captured_image_20250414_030149.jpg,-15,30,0.0028600116175778447,-0.00028687779787403897,0.215890656262212,-0.10285309221813191,-2.6179737575799367,-0.34434506046602986
captured_image_20250414_030153.jpg,-15,30,0.0028595849145959377,-0.00028829084967379873,0.2159338723715176,-0.10287296210134005,-2.617611786503653,-0.3444138865462241
captured_image_20250414_030156.jpg,-15,30,0.0028638600360072018,-0.00028366756614890714,0.2158859410854201,-0.10332189645075049,-2.617675957329706,-0.3425869736310054
captured_image_20250414_030200.jpg,-15,30,0.0028591109603770108,-0.0002911747043832643,0.21591628216345082,-0.10345584168693024,-2.6177422403607626,-0.34554897166382914
captured_image_20250414_030203.jpg,-15,30,0.002861517474030055,-0.0002891340235861287,0.21586289283662413,-0.10291645629326342,-2.617917546577579,-0.34539587067917316
captured_image_20250414_030207.jpg,-15,30,0.0028635353175556714,-0.0002903258476949003,0.2159553769529627,-0.10332845877891039,-2.6180458287472623,-0.34505359376870803
captured_image_20250414_030213.jpg,0,-30,-0.0019269496930540823,0.0007854464502098983,0.2159680440774422,0.003075636399094679,2.6275894237600097,-0.0030021825566668484
captured_image_20250414_030217.jpg,0,-30,-0.0019019992772290478,0.0007795009449580857,0.21643695857791528,-0.0011644074663322288,2.6332388867779173,0.004507037155777766
captured_image_20250414_030219.jpg,0,-30,-0.0019269056695795398,0.0007893450197523803,0.2160127459373688,0.0031407405254809716,2.6278526567352896,-0.005356117622910993
captured_image_20250414_030223.jpg,0,-30,-0.001900754144270601,0.0007748835746993263,0.21646277266356814,-0.001003107668180355,2.6341331279463325,0.005037587657756283
captured_image_20250414_030226.jpg,0,-30,-0.001898194751275889,0.0007763627938022831,0.21644406597797952,-0.0013404939438132284,2.633798612290216,0.003910230268869943
captured_image_20250414_030230.jpg,0,-30,-0.0019011540162318329,0.0007775001157106264,0.21640778331293514,-0.0013084744519808612,2.633698774092827,0.004014973944133625
captured_image_20250414_030233.jpg,0,-30,-0.0019353496116111127,0.0007862371997409611,0.2159661893993756,0.003255405047261525,2.62720890868047,-0.0038411584114615505
captured_image_20250414_030237.jpg,0,-30,-0.001903574340739692,0.0007741173596184735,0.21642199150799113,-0.0007714163787959105,2.634242700588954,0.006167475743652581
captured_image_20250414_030240.jpg,0,-30,-0.001900209869202264,0.0007748394987841834,0.21643200848102745,-0.0007683530274548364,2.633690059024322,0.0040076754573156554
captured_image_20250414_030244.jpg,0,-30,-0.00190261787790762,0.0007741329943279312,0.21642386057482743,-0.0009562546991130965,2.6337714835010893,0.004807477278920644
captured_image_20250414_030248.jpg,0,-15,-0.0008166049719364424,0.0007988544181110799,0.21621297680270812,0.006940404514943869,2.8828044880789108,-0.007935146856320642
captured_image_20250414_030253.jpg,0,-15,-0.0008205733927456101,0.0007993165282551141,0.21616030908884346,0.006834243251914273,2.8819451628044868,-0.008832935640847257
captured_image_20250414_030255.jpg,0,-15,-0.0008225272665556892,0.0008014865627658886,0.21616906479834816,0.006617773470473688,2.8817670109433986,-0.007379916582503681
captured_image_20250414_030259.jpg,0,-15,-0.0008195722175274369,0.0007993521060006029,0.21619794354458136,0.006667448910368873,2.8822808622104437,-0.009151112230632598
captured_image_20250414_030302.jpg,0,-15,-0.0008205940727740715,0.0008006385106862941,0.21614468611305296,0.006626040310798094,2.8819466276759504,-0.007143953776338946
captured_image_20250414_030306.jpg,0,-15,-0.0008207047660492454,0.0008052360556710977,0.21614150967421364,0.007056471445767229,2.8825957666089415,-0.009194540226063662
captured_image_20250414_030309.jpg,0,-15,-0.0008175868782178118,0.0007987690176424725,0.21620226723459593,0.006830260464046337,2.882075330431233,-0.00801023180382634
captured_image_20250414_030313.jpg,0,-15,-0.000823721073632983,0.0007966197801443618,0.2161829591076745,0.0064906555472393854,2.8826626576374723,-0.006563899438627329
captured_image_20250414_030316.jpg,0,-15,-0.0008186430276808503,0.0008039786271561124,0.21618331433018192,0.006596583920360876,2.882304574889811,-0.008612895907304694
captured_image_20250414_030320.jpg,0,-15,-0.0008269930464803297,0.0008007934734583286,0.21611942232382683,0.00650337981267155,2.8809386185958115,-0.009932590683415744
captured_image_20250414_030325.jpg,0,0,0.00043440026537359077,0.000864162921449433,0.21613633889504527,0.009140587818231257,3.1376886253662244,-0.013757816709505644
captured_image_20250414_030329.jpg,0,0,0.00043189505071820867,0.0008623350782046691,0.2161462856846065,0.008899395516606401,3.1359740350411696,-0.01409735270761386
captured_image_20250414_030331.jpg,0,0,0.0004328906785541842,0.0008646138062926283,0.216123249581341,0.009135684224765293,3.1355347529886592,-0.01320054431341402
captured_image_20250414_030336.jpg,0,0,0.00042688680056078093,0.0008652657062887949,0.21613593552144492,0.00862575169467046,3.135794462695118,-0.012105959223251589
captured_image_20250414_030338.jpg,0,0,0.00043407578363818724,0.0008612832497119996,0.2161275979365813,0.009127285869083058,3.1358220251078315,-0.011702484359626598
captured_image_20250414_030342.jpg,0,0,0.00043331977061960555,0.0008608015640701751,0.21614395306342385,0.008578538471086881,3.1358829764837868,-0.013627271295712189
captured_image_20250414_030345.jpg,0,0,0.0004294445275366221,0.0008670993498070452,0.21610589684720163,0.008278357621348336,3.1369951499791817,-0.012585869763291178
captured_image_20250414_030349.jpg,0,0,0.0004328083195096085,0.0008644513744357257,0.2161260511623238,0.00909077631077024,3.13862225669994,-0.012579935252940757
captured_image_20250414_030352.jpg,0,0,0.00042642089395442194,0.0008643716760207767,0.21609608602426075,0.008700539924842847,3.1353002802254206,-0.012385324546492148
captured_image_20250414_030356.jpg,0,0,0.00043375765791064215,0.0008655092368462728,0.2161278156330936,0.008911633825128709,3.137977866637373,-0.01451664082816659
captured_image_20250414_030401.jpg,0,15,0.0016632279775455258,0.0009236046827679931,0.21616710439859088,-0.010534407699274554,-2.8913903776927277,0.009753130591910106
captured_image_20250414_030405.jpg,0,15,0.0016637746050888636,0.0009183216032606894,0.21609713522365515,-0.010765413123971404,-2.890018198885246,0.007682977869856932
captured_image_20250414_030408.jpg,0,15,0.0016604699459649938,0.0009169486708396974,0.21611977356769624,-0.01074167393913558,-2.8908762467094755,0.00867772799473282
captured_image_20250414_030412.jpg,0,15,0.0016593191175920889,0.0009220891790831108,0.21614382381215308,-0.010683783539944779,-2.890811903292453,0.009180612468743686
captured_image_20250414_030414.jpg,0,15,0.001664299638407486,0.0009244255222916893,0.21613680082253955,-0.011017420748806775,-2.8901990902098564,0.009008224623019777
captured_image_20250414_030419.jpg,0,15,0.0016616424631037618,0.0009189981389600207,0.2161673117970009,-0.01080601900418957,-2.891246254899931,0.009088242605591339
captured_image_20250414_030421.jpg,0,15,0.001667055027341515,0.0009223105286875484,0.21615778592169313,-0.010784593558029005,-2.8904075242445932,0.009496772227659427
captured_image_20250414_030426.jpg,0,15,0.0016570453352891643,0.0009196121446664617,0.21617188946709417,-0.011004940316035609,-2.8925826044458054,0.007527126582365367
captured_image_20250414_030428.jpg,0,15,0.0016587909019354589,0.0009180548425895572,0.21613516133303878,-0.010802311204425517,-2.891073121355223,0.008318561521557714
captured_image_20250414_030432.jpg,0,15,0.0016624487935555036,0.0009182747365114452,0.2161145180665283,-0.01084132377927512,-2.8902374437202054,0.006543062047857366
captured_image_20250414_030437.jpg,0,30,0.0027601650189500787,0.0009787874673819993,0.2161698707382609,-0.007152595601513761,-2.6400189309599433,0.017083598422018145
captured_image_20250414_030441.jpg,0,30,0.0027612313602911657,0.0009780587622470578,0.2162338651461094,-0.006665920118676025,-2.640555662665799,0.016731480444706136
captured_image_20250414_030444.jpg,0,30,0.002757222384246179,0.0009791146832641088,0.2162310410623352,-0.006712103582462914,-2.6409127850614658,0.016918951771926767
captured_image_20250414_030448.jpg,0,30,0.0027574235330120414,0.0009760057602361935,0.21620889543178579,-0.0066143364333304975,-2.640251503411415,0.01642271256870135
captured_image_20250414_030451.jpg,0,30,0.002755291223813964,0.0009751728660788354,0.21624819099910947,-0.006888306707926387,-2.641310006414129,0.015850312604815054
captured_image_20250414_030455.jpg,0,30,0.0027551469775283534,0.0009773595128794589,0.21621700351209996,-0.007037845420224498,-2.640949445278681,0.017877348618908852
captured_image_20250414_030458.jpg,0,30,0.0027567948928348615,0.0009774286608244796,0.2162103927571897,-0.006511380515789175,-2.6408837597667065,0.017820199287864925
captured_image_20250414_030502.jpg,0,30,0.0027600683197728376,0.000976814841567594,0.21618297817232957,-0.006928313833403766,-2.6395379419721174,0.018206421331515947
captured_image_20250414_030504.jpg,0,30,0.002757344329991884,0.0009725363838092176,0.21615205687401504,-0.006912676045442337,-2.6401794760854944,0.016306713609842226
captured_image_20250414_030509.jpg,0,30,0.002762020720070788,0.0009760186667650739,0.21618922267348475,-0.006737855577684037,-2.640293997310865,0.017570772173506572
captured_image_20250414_030514.jpg,15,-30,-0.0018546958100694668,0.0020615405593833167,0.2159673213267229,0.09567050453516539,2.6105090423505843,-0.3565689036271636
captured_image_20250414_030518.jpg,15,-30,-0.0018562102120530573,0.002066352434910164,0.21591782074853605,0.09548583184481024,2.6102370751511006,-0.3577024807870424
captured_image_20250414_030521.jpg,15,-30,-0.0018157220953139996,0.0020447622428118816,0.21663439260075762,0.09186628992743243,2.6209360673904567,-0.34543971370687643
captured_image_20250414_030525.jpg,15,-30,-0.0018211039013572876,0.0020436427163133997,0.21664383483117386,0.09198493194909303,2.6202228910979177,-0.34521212506090326
captured_image_20250414_030528.jpg,15,-30,-0.0018205823533458717,0.0020422564448151744,0.21657994711269904,0.09178179194772831,2.6199438367696946,-0.3455589565512639
captured_image_20250414_030532.jpg,15,-30,-0.0018516837511157486,0.0020601031403456533,0.21594681977620722,0.09603495100290624,2.610932699222134,-0.3547712695517979
captured_image_20250414_030535.jpg,15,-30,-0.0018512167565601213,0.002066995328303639,0.21593132636963286,0.09562857467436349,2.6101710165149723,-0.3573613206774298
captured_image_20250414_030539.jpg,15,-30,-0.0018539002813705288,0.0020550215097564365,0.21587697459723482,0.09623889239474741,2.6093166081272527,-0.35565267301652903
captured_image_20250414_030541.jpg,15,-30,-0.0018562206307652436,0.0020643988538591616,0.21595553237017456,0.09577268452462256,2.6097623349051817,-0.35607539163230495
captured_image_20250414_030546.jpg,15,-30,-0.0018547396297819245,0.002058549576948747,0.21590087045545467,0.09578591356056483,2.6096458045850013,-0.3556925231096005
captured_image_20250414_030550.jpg,15,-15,-0.0008180860618980565,0.0020198733434074316,0.2158224629952757,0.057056200491545694,2.8615242637283003,-0.38962024764171055
captured_image_20250414_030554.jpg,15,-15,-0.0008149784817664944,0.0020169899598122864,0.21583124536025888,0.05674587108308275,2.861595689037908,-0.38955516546131497
captured_image_20250414_030557.jpg,15,-15,-0.0008170171756435725,0.002019389348338868,0.21575959443775614,0.05701748739688906,2.860925621512369,-0.3900768752294649
captured_image_20250414_030601.jpg,15,-15,-0.0008201582016126797,0.0020200115562718055,0.21579853976655813,0.05704582224973046,2.8613049726142563,-0.39036036531686974
captured_image_20250414_030604.jpg,15,-15,-0.0008193519431838097,0.002019442547341585,0.21580643373376135,0.0570772177407574,2.8615315377339057,-0.389392130534516
captured_image_20250414_030608.jpg,15,-15,-0.0008185630568131181,0.0020181656811193286,0.21579433068694093,0.056716429579730956,2.8602791422248743,-0.38893042521136517
captured_image_20250414_030611.jpg,15,-15,-0.0008212558412773234,0.0020176742246250483,0.21583422828652107,0.05693618271529571,2.860753636841014,-0.38941881630600733
captured_image_20250414_030615.jpg,15,-15,-0.0008155109182959917,0.0020166159392306262,0.21587488936224544,0.05730048552880038,2.8618193188114724,-0.38813914532489285
captured_image_20250414_030618.jpg,15,-15,-0.0008169491924189822,0.0020194139944422246,0.21582287723198437,0.056614705113340644,2.8617073385876566,-0.38965614231372475
captured_image_20250414_030622.jpg,15,-15,-0.0008205566089642315,0.002016377319228531,0.21581712726538385,0.05664432997713663,2.8610497130530286,-0.38936415579105227
captured_image_20250414_030626.jpg,15,0,0.0003780207864561494,0.002107850484841072,0.21573815842528107,-0.010243921580967699,-3.1120707070707225,0.4245756933955754
captured_image_20250414_030630.jpg,15,0,0.0003739585068764125,0.0021049041601305346,0.21574005458541698,0.00954441707697133,3.114773346577689,-0.42501728420780926
captured_image_20250414_030633.jpg,15,0,0.0003751876386592549,0.002104178187381092,0.21574473745106623,0.009963299204067112,3.1124397847603427,-0.42320070481980243
captured_image_20250414_030637.jpg,15,0,0.00037410448026581333,0.002105004914103707,0.21576856247330226,0.009695078436006336,3.113039549663636,-0.42460494610323474
captured_image_20250414_030640.jpg,15,0,0.00037466899538189067,0.0021040340301453986,0.2157565399983619,-0.00956916975433377,-3.1122809120153403,0.42331465480346325
captured_image_20250414_030644.jpg,15,0,0.00037601391213252784,0.0021078700385658644,0.21570338228705224,-0.009803423841173664,-3.111714220932534,0.42533432033272817
captured_image_20250414_030647.jpg,15,0,0.0003774390921320596,0.0021068806081329904,0.2156974679071217,0.009789045848578742,3.1125962751461427,-0.42661933645927125
captured_image_20250414_030651.jpg,15,0,0.0003784576684461494,0.002106624947165527,0.2157329449695795,0.009943861627656467,3.11443648035671,-0.4250260860126619
captured_image_20250414_030654.jpg,15,0,0.0003802008061839293,0.002100773609869355,0.2157761868985679,0.010214668080350842,3.114082349362646,-0.42202773414083083
captured_image_20250414_030658.jpg,15,0,0.0003781071154858757,0.0021037334301082424,0.21577233125112177,-0.010133119958749206,-3.1109463567791606,0.42628908034165974
captured_image_20250414_030702.jpg,15,15,0.001518141881425041,0.002130996892791605,0.21555439511833335,0.03802443867440393,-2.860644909285283,0.3897706461612619
captured_image_20250414_030706.jpg,15,15,0.001511240342654803,0.0021332552137450804,0.21553975459947414,0.03797017123758379,-2.860875274418988,0.3877596783691168
captured_image_20250414_030709.jpg,15,15,0.0015103609250292469,0.002129702636887786,0.21551785189185335,0.03829756091108845,-2.861334102143069,0.3890145455444054
captured_image_20250414_030713.jpg,15,15,0.0015254809092103468,0.00207586801138202,0.21562687408740733,0.04059221319330875,-2.860526306802427,0.37515041588490317
captured_image_20250414_030716.jpg,15,15,0.0015128163909823202,0.002132144039720126,0.21549189332215185,0.038244264944859434,-2.859682326100163,0.3906195826149459
captured_image_20250414_030720.jpg,15,15,0.0015118979577045447,0.0021358232477590765,0.21547983093214068,0.03788418652068269,-2.8605117115567644,0.39088198143962444
captured_image_20250414_030723.jpg,15,15,0.0015212978676579943,0.002074630904762352,0.2156428388657745,0.040781332976010796,-2.8606865805973336,0.37469114558165356
captured_image_20250414_030727.jpg,15,15,0.0015109781863493965,0.0021334155021343064,0.2155693829544912,0.03800034656018579,-2.8609558638348522,0.3886167947388796
captured_image_20250414_030730.jpg,15,15,0.001523655938181711,0.0020837043000760226,0.21560613376661036,0.040043194255673875,-2.8599169689331934,0.37636105891090826
captured_image_20250414_030734.jpg,15,15,0.0015082716824015754,0.002134212198484176,0.21557378036202196,0.038109844287589525,-2.861010530105556,0.38989315492792365
captured_image_20250414_030738.jpg,15,30,0.002548503189258104,0.0021588742217119265,0.2148897553815534,0.08695280294077641,-2.607134697736674,0.35899671884375434
captured_image_20250414_030743.jpg,15,30,0.0025408695327308424,0.002149582064983579,0.21484999631735321,0.08763860618954597,-2.6080140819188466,0.35853365852935276
captured_image_20250414_030745.jpg,15,30,0.0025421059115954426,0.0021402707315704376,0.21489486882813405,0.08776152323659143,-2.6080282210780936,0.35648499609555506
captured_image_20250414_030749.jpg,15,30,0.002543880782226762,0.0021471141238500165,0.2148540817062101,0.08731405096094591,-2.6076112503483615,0.3579301364090077
captured_image_20250414_030752.jpg,15,30,0.002540834659084987,0.0021456023085505665,0.21487900302945798,0.08701715891326746,-2.6076719401193755,0.35789209227355806
captured_image_20250414_030756.jpg,15,30,0.0025458413448067054,0.0021435877976103243,0.21483129926942227,0.08790203297806502,-2.606900615559798,0.35767824711071683
captured_image_20250414_030759.jpg,15,30,0.002544274732867831,0.0021520866975490173,0.2148156582836653,0.08767000754664055,-2.6068974209490787,0.3575393194655412
captured_image_20250414_030803.jpg,15,30,0.0025429442622638804,0.0021456935063414867,0.214844667729055,0.08741750726082732,-2.607681610853523,0.3585481969454376
captured_image_20250414_030806.jpg,15,30,0.0025401671309160352,0.0021505511979562344,0.21491460258212353,0.08746288044842769,-2.608757773736872,0.35813408540704555
captured_image_20250414_030810.jpg,15,30,0.0025405053595629274,0.002148710116726351,0.21489038742319924,0.08728865893088736,-2.608048632046239,0.3580363629673354
captured_image_20250414_030815.jpg,30,-30,-0.0015773438538640465,0.003139931227039914,0.21423108063761728,0.18077590552572262,2.54099874127697,-0.7019558900260491
captured_image_20250414_030819.jpg,30,-30,-0.001575942417924096,0.003131030304594813,0.2143184607005036,0.18120655879822253,2.541299819671347,-0.6999185433409191
captured_image_20250414_030822.jpg,30,-30,-0.0015748160913033437,0.0031329847496967982,0.2142455285442465,0.18090011695721303,2.541145201342702,-0.7020723043263434
captured_image_20250414_030826.jpg,30,-30,-0.0015797733543426765,0.003132302840692702,0.2142785197676712,0.18143233587594898,2.5404937317532585,-0.7012352457248355
captured_image_20250414_030829.jpg,30,-30,-0.001584720198938772,0.0031275316809905723,0.21422143754462689,0.18151612599421021,2.540294395362814,-0.6992771212099299
captured_image_20250414_030833.jpg,30,-30,-0.0015823100721695643,0.003134295238362948,0.21425694077874555,0.18123840900250154,2.540467572849055,-0.7010192750446173
captured_image_20250414_030836.jpg,30,-30,-0.0015871339685807403,0.0031327738442443707,0.21425907333749147,0.18130536397211433,2.540045886765012,-0.700927920851868
captured_image_20250414_030840.jpg,30,-30,-0.001578732111798168,0.0031283958941319702,0.21425535122559286,0.18123611700266876,2.540685895427054,-0.7007272699808472
captured_image_20250414_030843.jpg,30,-30,-0.001580051245348518,0.003127563206717154,0.2142678196338884,0.18154890941625298,2.54064092353096,-0.7007189644497035
captured_image_20250414_030847.jpg,30,-30,-0.0015764505766848542,0.0031281936889787244,0.21423233652726653,0.18085808844213652,2.5406707715355275,-0.7012297569986524
captured_image_20250414_030851.jpg,30,-15,-0.000724877307742383,0.003149628203011524,0.21472909744331073,0.0996446183946861,2.781587564424266,-0.7529913868945468
captured_image_20250414_030855.jpg,30,-15,-0.0007020801350988278,0.0031581910303191733,0.2146897582659386,0.09790333037245677,2.7831037274475166,-0.7590205867429416
captured_image_20250414_030858.jpg,30,-15,-0.0007259843493402563,0.0031531148101281133,0.21469965128420118,0.09946881580407888,2.781340117963533,-0.7535631036462695
captured_image_20250414_030902.jpg,30,-15,-0.0007256634152397577,0.003151450511082005,0.21471303183679435,0.09964594618566414,2.782056592448735,-0.7539729487780304
captured_image_20250414_030905.jpg,30,-15,-0.0006992072170805375,0.0031589720540790185,0.21472537156318203,0.09759764161115697,2.783854055592866,-0.7576659886943887
captured_image_20250414_030909.jpg,30,-15,-0.0007292744037577447,0.0031500169408089566,0.21467655060293625,0.09962429251016619,2.781914598565583,-0.7534447746509818
captured_image_20250414_030912.jpg,30,-15,-0.0007266927532751548,0.0031464320960301567,0.2146600789876597,0.09936817942649519,2.781378103173673,-0.7528665235572352
captured_image_20250414_030916.jpg,30,-15,-0.0007288599889342391,0.0031491445308082324,0.2146480449580519,0.0995781001645997,2.7813929400394284,-0.7538270164475898
captured_image_20250414_030919.jpg,30,-15,-0.0007240520708792846,0.0031437426377080866,0.21474346191892735,0.09929320936679004,2.7823615627553724,-0.7529971332948493
captured_image_20250414_030923.jpg,30,-15,-0.000729788312457008,0.0031479138509832826,0.2146895032899995,0.09946742625731843,2.7810313854103565,-0.7532074684134522
captured_image_20250414_030927.jpg,30,0,0.00030826336778071314,0.0031626260343034112,0.21534613135679645,0.002949761610662222,3.024982279540807,-0.8110852053670748
captured_image_20250414_030931.jpg,30,0,0.0003148415192362546,0.003161849131451795,0.21532921940718375,0.0029618912908303424,3.025807855936969,-0.8110864782740562
captured_image_20250414_030934.jpg,30,0,0.00031562638219211986,0.0031654829714170187,0.21531222579679374,0.0029777653746583524,3.025036462317372,-0.8125571663357147
captured_image_20250414_030938.jpg,30,0,0.000316033590847751,0.0031657097291666186,0.21530240510965337,0.003154420353115919,3.0256880494374987,-0.8122072997583535
captured_image_20250414_030941.jpg,30,0,0.00030631240910961586,0.0031636152490482454,0.21535560746935867,0.0033389153575795224,3.025231830423385,-0.8097925074387299
captured_image_20250414_030945.jpg,30,0,0.0003201083937315639,0.003164788819421111,0.21528186396071486,0.0026572511758865785,3.0264353611059067,-0.8114497908387518
captured_image_20250414_030948.jpg,30,0,0.00031359883893454635,0.0031668923474062107,0.21538656000639847,0.0028370929660326712,3.0248312008696527,-0.8101717746220181
captured_image_20250414_030952.jpg,30,0,0.0003162698197678209,0.0031662565218669014,0.2153053443277386,0.002348550714932719,3.0256351669680104,-0.8118306212106596
captured_image_20250414_030955.jpg,30,0,0.00031188969198063835,0.0031572084904810446,0.21535941819739318,0.0030397710356482146,3.025667727019423,-0.8104512793966145
captured_image_20250414_030959.jpg,30,0,0.000312097499520098,0.00316264485597465,0.2153179881396176,0.003427296295227469,3.025792456448287,-0.8116359108480955
captured_image_20250414_031003.jpg,30,15,0.0012955324567360494,0.003248085805090924,0.21583921811946102,0.09323472566445597,-2.8011428641671903,0.7390857961731844
captured_image_20250414_031008.jpg,30,15,0.0012986267953558166,0.0032469503128951882,0.21581616683238616,0.09388207124400756,-2.800620326303759,0.739705457614992
captured_image_20250414_031010.jpg,30,15,0.0013713399303450081,0.00324573006208079,0.21440960418532187,0.09044586466831506,-2.779523513310062,0.7533678848414094
captured_image_20250414_031014.jpg,30,15,0.00137351759523731,0.003248037631385554,0.2144381041791262,0.08964766699321504,-2.7788429803203796,0.7528768015022285
captured_image_20250414_031017.jpg,30,15,0.0013776705389691273,0.0032513759200531902,0.21435495179426922,0.09003705330410271,-2.7776937343215873,0.7549185649164061
captured_image_20250414_031021.jpg,30,15,0.0013743669976120003,0.0032635875396127,0.2144125670467998,0.09007726005548505,-2.777601673526495,0.7561725903950203
captured_image_20250414_031024.jpg,30,15,0.0012993732257911158,0.003242768408526135,0.21583503671795845,0.09416226488338562,-2.801964396126191,0.7395975163545767
captured_image_20250414_031028.jpg,30,15,0.001308218389384841,0.0032429589519500476,0.2156982387815054,0.09372356796985368,-2.800566520843339,0.7412799728244396
captured_image_20250414_031031.jpg,30,15,0.0013010052984989851,0.003244736686245439,0.2158160114134031,0.09356007569477366,-2.8018882463169574,0.7397397319980997
captured_image_20250414_031035.jpg,30,15,0.0012999464476761095,0.003248931725291206,0.21588311396737034,0.09398922370718679,-2.801705585044219,0.7397704165006718
captured_image_20250414_031039.jpg,30,30,0.002209758914818451,0.0032594972343694376,0.21326872816048134,0.17867223972522328,-2.5361782294874784,0.693502069365212
captured_image_20250414_031043.jpg,30,30,0.0022170434767876932,0.0032376686760388065,0.21410666455860225,0.18283659589407936,-2.5435872566721924,0.6821218037427068
captured_image_20250414_031046.jpg,30,30,0.0022170105355809604,0.0032499680657442536,0.21324743455356207,0.17957601561404762,-2.535788585207274,0.691624711295397
captured_image_20250414_031050.jpg,30,30,0.0022150812922973194,0.003255852135316341,0.21314989635090148,0.17903765029859964,-2.5354731966355493,0.6936130666971823
captured_image_20250414_031053.jpg,30,30,0.002210491316899707,0.003257958439124543,0.21321202606383335,0.17835076867674476,-2.535722852564428,0.69263291602937
captured_image_20250414_031057.jpg,30,30,0.002214227778883454,0.003253374063858543,0.21327930670002268,0.17872266410893514,-2.5367719260594384,0.6921790143459405
captured_image_20250414_031100.jpg,30,30,0.002217461266391413,0.0032415333039624732,0.21418534900549113,0.18308914608456056,-2.5438084204455897,0.681644784403154
captured_image_20250414_031104.jpg,30,30,0.0022195866166417355,0.0032482129594497283,0.21324476081503965,0.1793230252738721,-2.5364787609680017,0.6914192017966463
captured_image_20250414_031107.jpg,30,30,0.00222184363231998,0.0032379248170642215,0.2140884600130728,0.1824340592315915,-2.5432133082265005,0.6817491713792905
captured_image_20250414_031111.jpg,30,30,0.002215844643451099,0.0032501256448959383,0.21321171736175515,0.17900407944491026,-2.536430818510396,0.6924734141966417
